designer,show,look_number,image_url,style_tags,items_json,confidence
Acne Studios,Fall 2026 Ready-to-Wear,27,"https://assets.vogue.com/photos/69a94dc00f131c648133f0ba/master/w_1024,c_limit/00027-acne-studios-fall-2026-ready-to-wear-credit-gorunway.jpg","New Classic,Soft Tailoring,Quiet Luxury","[{""category"": ""Jacket/Blazer"", ""materials"": [""Suiting Fabric""], ""pattern"": ""Checks/Plaid"", ""silhouette"": [""Oversized""], ""construction"": [""Shirt Collar""], ""decoration"": [], ""colors"": [""Pewter"", ""Bright White""], ""confidence"": 0.85}, {""category"": ""Top/Blouse"", ""materials"": [""Soft Base Knit""], ""pattern"": ""Solid"", ""silhouette"": [""Fitted/Waisted""], ""construction"": [""High Neck""], ""decoration"": [], ""colors"": [""Powder Pink""], ""confidence"": 0.9}, {""category"": ""Pants/Trousers"", ""materials"": [""Suiting Fabric""], ""pattern"": ""Solid"", ""silhouette"": [""Straight"", ""High Rise""], ""construction"": [], ""decoration"": [], ""colors"": [""Warm Sand""], ""confidence"": 0.85}, {""category"": ""Shoes/Boots"", ""materials"": [""Suede""], ""pattern"": ""Solid"", ""silhouette"": [], ""construction"": [], ""decoration"": [], ""colors"": [""Warm Sand""], ""confidence"": 0.75}, {""category"": ""Bag"", ""materials"": [""Leather/Faux Leather""], ""pattern"": ""Animal Print"", ""silhouette"": [], ""construction"": [], ""decoration"": [""Metal Hardware""], ""colors"": [""Pearled Ivory"", ""Monument""], ""confidence"": 0.7}, {""category"": ""Sunglasses"", ""materials"": [""not_visible""], ""pattern"": ""not_visible"", ""silhouette"": [], ""construction"": [], ""decoration"": [], ""colors"": [""Gold Fusion""], ""confidence"": 0.85}, {""category"": ""Jewelry/Accessory"", ""materials"": [""not_visible""], ""pattern"": ""not_visible"", ""silhouette"": [], ""construction"": [], ""decoration"": [""Metal Hardware""], ""colors"": [""Silver""], ""confidence"": 0.7}]",0.70
Alberta Ferretti,Resort 2027,13,"https://assets.vogue.com/photos/6a2182e34e1b7a48982551fc/master/w_1024,c_limit/00013-alberta-ferretti-resort-2027-credit-brand.jpg","Romantic,New Femininity,Boudoir","[{""category"": ""Gown/Evening"", ""materials"": [""Metallic Fabric""], ""pattern"": ""Solid"", ""silhouette"": [""Column"", ""Elongated""], ""construction"": [""Draping""], ""decoration"": [], ""colors"": [""Gold Fusion"", ""Warm Taupe""], ""confidence"": 0.85}, {""category"": ""Top/Blouse"", ""materials"": [""Chiffon""], ""pattern"": ""Solid"", ""silhouette"": [""Relaxed""], ""construction"": [""Off-Shoulder"", ""Flounces""], ""decoration"": [], ""colors"": [""Pearled Ivory""], ""confidence"": 0.9}]",0.85
Alexander McQueen,Spring 2026 Ready-to-Wear,51,"https://assets.vogue.com/photos/68e2e561a84aa62deab2fb7e/master/w_1024,c_limit/00051-mcqueen-spring-2026-ready-to-wear-credit-gorunway.jpg","Preppy,Y2K,Body-conscious Basics","[{""category"": ""Shirt"", ""materials"": [""Cotton""], ""pattern"": ""Stripes"", ""silhouette"": [""Relaxed"", ""Elongated""], ""construction"": [""Shirt Collar"", ""Extended Cuffs""], ""decoration"": [""Contrast Stitching""], ""colors"": [""Bright White""], ""confidence"": 0.85}, {""category"": ""Top/Blouse"", ""materials"": [""Cotton""], ""pattern"": ""Solid"", ""silhouette"": [""Semi-Fitted""], ""construction"": [], ""decoration"": [], ""colors"": [""Charcoal Gray""], ""confidence"": 0.8}, {""category"": ""Pants/Trousers"", ""materials"": [""Denim""], ""pattern"": ""Solid"", ""silhouette"": [""Straight"", ""Slim Leg""], ""construction"": [""Patch Pockets""], ""decoration"": [], ""colors"": [""Classic Blue""], ""confidence"": 0.9}, {""category"": ""Shoes/Boots"", ""materials"": [""Leather/Faux Leather""], ""pattern"": ""Solid"", ""silhouette"": [], ""construction"": [], ""decoration"": [], ""colors"": [""Black""], ""confidence"": 0.7}, {""category"": ""Jewelry/Accessory"", ""materials"": [""not_visible""], ""pattern"": ""Solid"", ""silhouette"": [], ""construction"": [], ""decoration"": [""Metal Hardware""], ""colors"": [], ""confidence"": 0.75}]",0.70
Altuzarra,Spring 2026 Ready-to-Wear,19,"https://assets.vogue.com/photos/68c674b2a551c0f909c0aeac/master/w_1024,c_limit/00019-altuzarra-spring-2026-ready-to-wear-credit-brand.jpg","Quiet Luxury,Minimalism,New Classic","[{""category"": ""Top/Blouse"", ""materials"": [""Sheer Fabric""], ""pattern"": ""Solid"", ""silhouette"": [""Semi-Fitted""], ""construction"": [""V-Neck""], ""decoration"": [], ""colors"": [""Pearled Ivory""], ""confidence"": 0.75}, {""category"": ""Dress"", ""materials"": [""Linen""], ""pattern"": ""Solid"", ""silhouette"": [""Straight""], ""construction"": [""Draping"", ""V-Neck""], ""decoration"": [], ""colors"": [""Warm Taupe""], ""confidence"": 0.9}, {""category"": ""Shoes/Boots"", ""materials"": [""Leather/Faux Leather""], ""pattern"": ""Solid"", ""silhouette"": [], ""construction"": [], ""decoration"": [], ""colors"": [""Black""], ""confidence"": 0.8}, {""category"": ""Bag"", ""materials"": [""Leather/Faux Leather""], ""pattern"": ""Solid"", ""silhouette"": [], ""construction"": [], ""decoration"": [], ""colors"": [""Black""], ""confidence"": 0.75}, {""category"": ""Jewelry/Accessory"", ""materials"": [""not_visible""], ""pattern"": ""not_visible"", ""silhouette"": [], ""construction"": [], ""decoration"": [""Metal Hardware""], ""colors"": [""Silver""], ""confidence"": 0.6}]",0.60
Area,Fall 2026 Ready-to-Wear,29,"https://assets.vogue.com/photos/698fd082e5da3679c372673c/master/w_1024,c_limit/00029-area-fall-2026-ready-to-wear-credit-gorunway.jpg","Loud Luxury,Body-conscious Basics,New Femininity","[{""category"": ""Dress"", ""materials"": [""Metallic Fabric"", ""Textured Knit""], ""pattern"": ""Abstract"", ""silhouette"": [""Fitted/Waisted"", ""Cropped""], ""construction"": [""Asymmetry"", ""Draping"", ""Waist Seam""], ""decoration"": [""Sequins""], ""colors"": [""Midnight Blue"", ""Silver""], ""confidence"": 0.82}, {""category"": ""Scarf"", ""materials"": [""Textured Knit""], ""pattern"": ""Abstract"", ""silhouette"": [], ""construction"": [], ""decoration"": [""Sequins""], ""colors"": [""Midnight Blue"", ""Silver""], ""confidence"": 0.75}, {""category"": ""Shoes/Boots"", ""materials"": [""Leather/Faux Leather""], ""pattern"": ""Solid"", ""silhouette"": [], ""construction"": [], ""decoration"": [""Metal Hardware""], ""colors"": [""Black""], ""confidence"": 0.85}]",0.75
Balenciaga,Fall 2026 Ready-to-Wear,62,"https://assets.vogue.com/photos/69aca007e56980c1be4deee9/master/w_1024,c_limit/00062-balenciaga-fall-2026-ready-to-wear-credit-gorunway.jpg","Quiet Luxury,Moto,Power Dressing","[{""category"": ""Jacket/Blazer"", ""materials"": [""Leather/Faux Leather""], ""pattern"": ""Solid"", ""silhouette"": [""Oversized"", ""Relaxed""], ""construction"": [""Dropped Shoulder"", ""High Neck""], ""decoration"": [], ""colors"": [""Black""], ""confidence"": 0.95}, {""category"": ""Shirt"", ""materials"": [""Suiting Fabric""], ""pattern"": ""Solid"", ""silhouette"": [], ""construction"": [""Shirt Collar""], ""decoration"": [], ""colors"": [""Bright White""], ""confidence"": 0.85}, {""category"": ""Jewelry/Accessory"", ""materials"": [""not_visible""], ""pattern"": ""not_visible"", ""silhouette"": [], ""construction"": [], ""decoration"": [], ""colors"": [""Black""], ""confidence"": 0.6}, {""category"": ""Pants/Trousers"", ""materials"": [""Suiting Fabric""], ""pattern"": ""Solid"", ""silhouette"": [""Straight"", ""Wide Leg/Flare""], ""construction"": [], ""decoration"": [], ""colors"": [""Black""], ""confidence"": 0.9}, {""category"": ""Belt"", ""materials"": [""Leather/Faux Leather""], ""pattern"": ""Solid"", ""silhouette"": [], ""construction"": [], ""decoration"": [""Metal Hardware""], ""colors"": [""Black""], ""confidence"": 0.85}, {""category"": ""Shoes/Boots"", ""materials"": [""Leather/Faux Leather""], ""pattern"": ""Solid"", ""silhouette"": [], ""construction"": [], ""decoration"": [], ""colors"": [""Black""], ""confidence"": 0.8}]",0.60
Balmain,Spring 2026 Ready-to-Wear,10,"https://assets.vogue.com/photos/68dd8c473a12f393b814da11/master/w_1024,c_limit/00010-balmain-spring-2026-ready-to-wear-credit-gorunway.jpg","Boho,Romantic,New Femininity","[{""category"": ""Top/Blouse"", ""materials"": [""Chiffon""], ""pattern"": ""Solid"", ""silhouette"": [""Oversized""], ""construction"": [""High Neck"", ""Draping"", ""Gathers""], ""decoration"": [], ""colors"": [""Rosewood""], ""confidence"": 0.9}, {""category"": ""Skirt"", ""materials"": [""Chiffon""], ""pattern"": ""Solid"", ""silhouette"": [""A-line"", ""Volume Top + Slim Bottom""], ""construction"": [""Asymmetry"", ""Gathers"", ""Layered Details""], ""decoration"": [], ""colors"": [""Rosewood""], ""confidence"": 0.85}, {""category"": ""Shoes/Boots"", ""materials"": [""Leather/Faux Leather""], ""pattern"": ""Solid"", ""silhouette"": [], ""construction"": [], ""decoration"": [""Metal Hardware""], ""colors"": [""Toasted Coconut""], ""confidence"": 0.8}, {""category"": ""Jewelry/Accessory"", ""materials"": [""not_visible""], ""pattern"": ""not_visible"", ""silhouette"": [], ""construction"": [], ""decoration"": [""Metal Hardware""], ""colors"": [""Gold Fusion""], ""confidence"": 0.75}]",0.75
Bottega Veneta,Spring 2025 Ready-to-Wear,54,"https://assets.vogue.com/photos/66f06028c7fff7b5655674b0/master/w_1024,c_limit/00054-bottega-veneta-spring-2025-ready-to-wear-credit-gorunway.jpg","New Classic,Quiet Luxury,Soft Tailoring","[{""category"": ""Shirt"", ""materials"": [""Cotton""], ""pattern"": ""Solid"", ""silhouette"": [""Oversized"", ""Relaxed""], ""construction"": [""Shirt Collar"", ""Extended Cuffs""], ""decoration"": [""Statement Buttons""], ""colors"": [""Bright White""], ""confidence"": 0.95}, {""category"": ""Skirt"", ""materials"": [""Suiting Fabric""], ""pattern"": ""Checks/Plaid"", ""silhouette"": [""A-line"", ""Elongated""], ""construction"": [""Pleats"", ""Layered Details""], ""decoration"": [], ""colors"": [""Charcoal Gray"", ""Pewter""], ""confidence"": 0.9}, {""category"": ""Bag"", ""materials"": [""Leather/Faux Leather""], ""pattern"": ""Solid"", ""silhouette"": [], ""construction"": [], ""decoration"": [], ""colors"": [""Gold Fusion""], ""confidence"": 0.85}, {""category"": ""Shoes/Boots"", ""materials"": [""Metallic Fabric""], ""pattern"": ""Solid"", ""silhouette"": [], ""construction"": [], ""decoration"": [], ""colors"": [""Gold Fusion""], ""confidence"": 0.8}, {""category"": ""Jewelry/Accessory"", ""materials"": [""not_visible""], ""pattern"": ""Solid"", ""silhouette"": [], ""construction"": [], ""decoration"": [""Metal Hardware""], ""colors"": [""Silver""], ""confidence"": 0.75}]",0.75
Celine,Fall 2026 Ready-to-Wear,23,"https://assets.vogue.com/photos/69b003aff25f16239bc5d2fa/master/w_1024,c_limit/00023-celine-fall-2026-ready-to-wear-credit-brand.jpg","Quiet Luxury,Minimalism,Intellectual Fashion","[{""category"": ""Knitwear/Cardigan"", ""materials"": [""Fine Knit""], ""pattern"": ""Solid"", ""silhouette"": [""Oversized"", ""Shoulder Emphasis""], ""construction"": [""High Neck""], ""decoration"": [], ""colors"": [""Midnight Blue""], ""confidence"": 0.85}, {""category"": ""Top/Blouse"", ""materials"": [""Suiting Fabric""], ""pattern"": ""Solid"", ""silhouette"": [""Fitted/Waisted""], ""construction"": [""Wide Shoulders""], ""decoration"": [], ""colors"": [""Black""], ""confidence"": 0.9}, {""category"": ""Pants/Trousers"", ""materials"": [""Suiting Fabric""], ""pattern"": ""Solid"", ""silhouette"": [""Straight"", ""High Rise""], ""construction"": [], ""decoration"": [], ""colors"": [""Black""], ""confidence"": 0.85}, {""category"": ""Shoes/Boots"", ""materials"": [""Leather/Faux Leather""], ""pattern"": ""Solid"", ""silhouette"": [], ""construction"": [], ""decoration"": [], ""colors"": [""Black""], ""confidence"": 0.8}, {""category"": ""Sunglasses"", ""materials"": [""not_visible""], ""pattern"": ""Solid"", ""silhouette"": [], ""construction"": [], ""decoration"": [], ""colors"": [""Silver Gray""], ""confidence"": 0.9}, {""category"": ""Bag"", ""materials"": [""Leather/Faux Leather""], ""pattern"": ""Solid"", ""silhouette"": [], ""construction"": [], ""decoration"": [], ""colors"": [""Black""], ""confidence"": 0.75}]",0.75
Chanel,Fall 2024 Ready-to-Wear,68,"https://assets.vogue.com/photos/65e71c12069e9a75ccf3a143/master/w_1024,c_limit/00068-chanel-fall-2024-ready-to-wear-credit-gorunway.jpg","Old Money,Romantic,Quiet Luxury","[{""category"": ""Dress"", ""materials"": [""Chiffon""], ""pattern"": ""Checks/Plaid"", ""silhouette"": [""A-line"", ""Elongated""], ""construction"": [""Gathers"", ""Flounces""], ""decoration"": [], ""colors"": [""Powder Pink"", ""Navy Peony"", ""Tan Melange""], ""confidence"": 0.85}, {""category"": ""Hat"", ""materials"": [""not_visible""], ""pattern"": ""Solid"", ""silhouette"": [], ""construction"": [], ""decoration"": [""Metal Hardware""], ""colors"": [""Powder Pink""], ""confidence"": 0.75}, {""category"": ""Jewelry/Accessory"", ""materials"": [""not_visible""], ""pattern"": ""not_visible"", ""silhouette"": [], ""construction"": [], ""decoration"": [], ""colors"": [""Gold Fusion"", ""Black""], ""confidence"": 0.6}, {""category"": ""Scarf"", ""materials"": [""not_visible""], ""pattern"": ""not_visible"", ""silhouette"": [], ""construction"": [], ""decoration"": [], ""colors"": [""Black"", ""Gold Fusion""], ""confidence"": 0.7}, {""category"": ""Gloves"", ""materials"": [""not_visible""], ""pattern"": ""Solid"", ""silhouette"": [], ""construction"": [], ""decoration"": [], ""colors"": [""Powder Pink""], ""confidence"": 0.65}, {""category"": ""Bag"", ""materials"": [""Leather/Faux Leather""], ""pattern"": ""Solid"", ""silhouette"": [], ""construction"": [], ""decoration"": [], ""colors"": [""Black""], ""confidence"": 0.8}, {""category"": ""Shoes/Boots"", ""materials"": [""Leather/Faux Leather""], ""pattern"": ""Solid"", ""silhouette"": [], ""construction"": [], ""decoration"": [], ""colors"": [""Caramel"", ""Black""], ""confidence"": 0.75}]",0.60
Christian Dior,Resort 2027,33,"https://assets.vogue.com/photos/6a056bae9b888c54e12c6909/master/w_1024,c_limit/00033-christian-dior-resort-2027-credit-gorunway.jpg","New Femininity,Romantic,Loud Luxury","[{""category"": ""Dress"", ""materials"": [""Satin""], ""pattern"": ""Solid"", ""silhouette"": [""Column""], ""construction"": [""Draping"", ""Asymmetry""], ""decoration"": [], ""colors"": [""Bright White""], ""confidence"": 0.85}, {""category"": ""Cape/Poncho"", ""materials"": [""Fur/Faux Fur""], ""pattern"": ""Solid"", ""silhouette"": [], ""construction"": [], ""decoration"": [""Fringe""], ""colors"": [""Bright White"", ""Butter Cream"", ""Baby Blue""], ""confidence"": 0.88}, {""category"": ""Jewelry/Accessory"", ""materials"": [""not_visible""], ""pattern"": ""not_visible"", ""silhouette"": [], ""construction"": [], ""decoration"": [], ""colors"": [""Gold Fusion""], ""confidence"": 0.75}, {""category"": ""Shoes/Boots"", ""materials"": [""Leather/Faux Leather""], ""pattern"": ""Solid"", ""silhouette"": [], ""construction"": [], ""decoration"": [""Metal Hardware""], ""colors"": [""Pink Lemonade""], ""confidence"": 0.8}, {""category"": ""Bag"", ""materials"": [""Leather/Faux Leather""], ""pattern"": ""Solid"", ""silhouette"": [], ""construction"": [], ""decoration"": [], ""colors"": [""Black""], ""confidence"": 0.7}]",0.70
Coach,Resort 2027,8,"https://assets.vogue.com/photos/6a317f8d771ca4d22e5d68aa/master/w_1024,c_limit/00008-coach-resort-2027-credit-brand.jpg","90s Retro,Quiet Luxury,Eclectic","[{""category"": ""Jacket/Blazer"", ""materials"": [""Suede""], ""pattern"": ""Solid"", ""silhouette"": [""Relaxed"", ""Oversized""], ""construction"": [""Extended Cuffs"", ""Statement Closure""], ""decoration"": [""Contrast Stitching""], ""colors"": [""Cognac""], ""confidence"": 0.9}, {""category"": ""Top/Blouse"", ""materials"": [""Cotton""], ""pattern"": ""Logo/Monogram"", ""silhouette"": [""Relaxed""], ""construction"": [], ""decoration"": [""Logos""], ""colors"": [""Tan Melange""], ""confidence"": 0.85}, {""category"": ""Skirt"", ""materials"": [""Denim""], ""pattern"": ""Solid"", ""silhouette"": [""Straight""], ""construction"": [], ""decoration"": [], ""colors"": [""Black""], ""confidence"": 0.9}, {""category"": ""Shoes/Boots"", ""materials"": [""Fur/Faux Fur"", ""Leather/Faux Leather""], ""pattern"": ""Solid"", ""silhouette"": [], ""construction"": [], ""decoration"": [], ""colors"": [""Fiesta"", ""Pearled Ivory""], ""confidence"": 0.8}, {""category"": ""Bag"", ""materials"": [""Fur/Faux Fur""], ""pattern"": ""Animal Print"", ""silhouette"": [], ""construction"": [], ""decoration"": [], ""colors"": [""Toasted Coconut"", ""Black""], ""confidence"": 0.85}, {""category"": ""Jewelry/Accessory"", ""materials"": [""not_visible""], ""pattern"": ""Solid"", ""silhouette"": [], ""construction"": [], ""decoration"": [""Metal Hardware""], ""colors"": [""Silver Gray""], ""confidence"": 0.75}]",0.75
Comme des Garçons,Fall 2026 Ready-to-Wear,12,"https://assets.vogue.com/photos/69ac824f3f605e5fb3a789aa/master/w_1024,c_limit/00012-comme-des-garcons-fall-2026-ready-to-wear-credit-gorunway.jpg","Loud Luxury,Romantic,Eclectic","[{""category"": ""Coat"", ""materials"": [""Artisanal Texture Fabric""], ""pattern"": ""Solid"", ""silhouette"": [""Oversized""], ""construction"": [""High Neck"", ""Asymmetry"", ""Layered Details""], ""decoration"": [""Ruffles"", ""Fringe""], ""colors"": [""Black""], ""confidence"": 0.85}, {""category"": ""Belt"", ""materials"": [""not_visible""], ""pattern"": ""Solid"", ""silhouette"": [], ""construction"": [], ""decoration"": [""Metal Hardware""], ""colors"": [""Fiesta""], ""confidence"": 0.9}, {""category"": ""Hat"", ""materials"": [""Fur/Faux Fur""], ""pattern"": ""Solid"", ""silhouette"": [], ""construction"": [], ""decoration"": [], ""colors"": [""Bright White"", ""Black""], ""confidence"": 0.8}, {""category"": ""Shoes/Boots"", ""materials"": [""Leather/Faux Leather""], ""pattern"": ""Solid"", ""silhouette"": [], ""construction"": [], ""decoration"": [], ""colors"": [""Black""], ""confidence"": 0.8}]",0.80
Dolce & Gabbana,Fall 2026 Menswear,68,"https://assets.vogue.com/photos/696bbc713c05bf5f14468796/master/w_1024,c_limit/00068-dolce-and-gabbana-fall-2026-menswear-credit-gorunway.jpg","Sport Chic,Preppy,Quiet Status","[{""category"": ""Knitwear/Cardigan"", ""materials"": [""Fine Knit""], ""pattern"": ""Logo/Monogram"", ""silhouette"": [""Semi-Fitted""], ""construction"": [""V-Neck"", ""Extended Cuffs"", ""Waist Seam""], ""decoration"": [""Logos"", ""Contrast Stitching""], ""colors"": [""Fiesta"", ""Pearled Ivory""], ""confidence"": 0.85}, {""category"": ""Shorts"", ""materials"": [""Cotton""], ""pattern"": ""Solid"", ""silhouette"": [""Relaxed"", ""Wide Leg/Flare""], ""construction"": [""Drawstrings""], ""decoration"": [""Logos"", ""Side Stripes""], ""colors"": [""Bright White""], ""confidence"": 0.8}, {""category"": ""Shoes/Boots"", ""materials"": [""Leather/Faux Leather""], ""pattern"": ""Solid"", ""silhouette"": [], ""construction"": [], ""decoration"": [], ""colors"": [""Black"", ""Bright White""], ""confidence"": 0.75}, {""category"": ""Bag"", ""materials"": [""Leather/Faux Leather""], ""pattern"": ""Solid"", ""silhouette"": [], ""construction"": [], ""decoration"": [""Metal Hardware""], ""colors"": [""Black""], ""confidence"": 0.8}, {""category"": ""Hat"", ""materials"": [""Textured Knit""], ""pattern"": ""Solid"", ""silhouette"": [], ""construction"": [], ""decoration"": [], ""colors"": [""Charcoal Gray"", ""Pewter""], ""confidence"": 0.7}]",0.70
Erdem,Pre-Fall 2026,32,"https://assets.vogue.com/photos/692d5f937019609c52951afd/master/w_1024,c_limit/00032-erdem-pre-fall-2026-credit-brand.jpg","Romantic,New Femininity,Boudoir","[{""category"": ""Gown/Evening"", ""materials"": [""Satin""], ""pattern"": ""Solid"", ""silhouette"": [""Column""], ""construction"": [""Draping"", ""Asymmetry"", ""Waist Seam""], ""decoration"": [""Metal Hardware""], ""colors"": [""True Red""], ""confidence"": 0.85}, {""category"": ""Shoes/Boots"", ""materials"": [""Leather/Faux Leather""], ""pattern"": ""Solid"", ""silhouette"": [], ""construction"": [], ""decoration"": [], ""colors"": [""Powder Pink""], ""confidence"": 0.6}, {""category"": ""Jewelry/Accessory"", ""materials"": [""not_visible""], ""pattern"": ""Solid"", ""silhouette"": [], ""construction"": [], ""decoration"": [""Metal Hardware""], ""colors"": [""Silver""], ""confidence"": 0.7}]",0.60
Etro,Spring 2026 Menswear,20,"https://assets.vogue.com/photos/68580985fcb11c67e0ac3a6b/master/w_1024,c_limit/00020-etro-spring-2026-menswear-credit-brand.jpg","New Classic,Quiet Luxury,Preppy","[{""category"": ""Jacket/Blazer"", ""materials"": [""Suiting Fabric""], ""pattern"": ""Solid"", ""silhouette"": [""Fitted/Waisted"", ""Shoulder Emphasis""], ""construction"": [], ""decoration"": [], ""colors"": [""Powder Pink""], ""confidence"": 0.9}, {""category"": ""Shirt"", ""materials"": [""Cotton""], ""pattern"": ""Geometric"", ""silhouette"": [""Relaxed""], ""construction"": [""Shirt Collar""], ""decoration"": [""Embroidery""], ""colors"": [""Dusk Blue"", ""Fiesta""], ""confidence"": 0.85}, {""category"": ""Pants/Trousers"", ""materials"": [""Denim""], ""pattern"": ""Solid"", ""silhouette"": [""Relaxed"", ""Wide Leg/Flare""], ""construction"": [], ""decoration"": [], ""colors"": [""Navy Peony""], ""confidence"": 0.9}, {""category"": ""Shoes/Boots"", ""materials"": [""Leather/Faux Leather""], ""pattern"": ""Solid"", ""silhouette"": [], ""construction"": [], ""decoration"": [], ""colors"": [""Chocolate Brown""], ""confidence"": 0.8}, {""category"": ""Scarf"", ""materials"": [""not_visible""], ""pattern"": ""Geometric"", ""silhouette"": [], ""construction"": [], ""decoration"": [""Embroidery""], ""colors"": [""Fiesta"", ""Dusk Blue""], ""confidence"": 0.75}]",0.75
Fendi,Fall 2025 Ready-to-Wear,55,"https://assets.vogue.com/photos/67bf96755d7ad5d32a11444b/master/w_1024,c_limit/00055-fendi-fall-2025-ready-to-wear-credit-gorunway.jpg","Power Dressing,Quiet Luxury,New Classic","[{""category"": ""Jacket/Blazer"", ""materials"": [""Suiting Fabric""], ""pattern"": ""Solid"", ""silhouette"": [""Oversized"", ""Straight""], ""construction"": [""Shirt Collar""], ""decoration"": [], ""colors"": [""Black""], ""confidence"": 0.95}, {""category"": ""Shirt"", ""materials"": [""Suiting Fabric""], ""pattern"": ""Solid"", ""silhouette"": [""Straight""], ""construction"": [""Shirt Collar""], ""decoration"": [], ""colors"": [""Warm Taupe""], ""confidence"": 0.85}, {""category"": ""Scarf"", ""materials"": [""Suiting Fabric""], ""pattern"": ""Solid"", ""silhouette"": [], ""construction"": [], ""decoration"": [], ""colors"": [""Black""], ""confidence"": 0.85}, {""category"": ""Pants/Trousers"", ""materials"": [""Suiting Fabric""], ""pattern"": ""Solid"", ""silhouette"": [""Straight"", ""Wide Leg/Flare""], ""construction"": [], ""decoration"": [], ""colors"": [""Black""], ""confidence"": 0.9}, {""category"": ""Shoes/Boots"", ""materials"": [""Leather/Faux Leather""], ""pattern"": ""Solid"", ""silhouette"": [], ""construction"": [], ""decoration"": [], ""colors"": [""Black""], ""confidence"": 0.85}, {""category"": ""Bag"", ""materials"": [""Leather/Faux Leather""], ""pattern"": ""Solid"", ""silhouette"": [], ""construction"": [], ""decoration"": [""Metal Hardware""], ""colors"": [""Black""], ""confidence"": 0.8}, {""category"": ""Jewelry/Accessory"", ""materials"": [""not_visible""], ""pattern"": ""Solid"", ""silhouette"": [], ""construction"": [], ""decoration"": [], ""colors"": [""Silver""], ""confidence"": 0.7}]",0.70
Giambattista Valli,Spring 2026 Ready-to-Wear,14,"https://assets.vogue.com/photos/68dfe9ffba57d6f6027800c2/master/w_1024,c_limit/00014-giambattista-valli-spring-2026-ready-to-wear-credit-gorunway.jpg","Quiet Luxury,New Classic,Soft Tailoring","[{""category"": ""Shirt"", ""materials"": [""Cotton""], ""pattern"": ""Solid"", ""silhouette"": [""Relaxed""], ""construction"": [""Shirt Collar"", ""Extended Cuffs""], ""decoration"": [""Statement Buttons"", ""Contrast Stitching""], ""colors"": [""Caramel""], ""confidence"": 0.95}, {""category"": ""Skirt"", ""materials"": [""Suiting Fabric""], ""pattern"": ""Solid"", ""silhouette"": [""A-line""], ""construction"": [""Waist Seam"", ""Draping""], ""decoration"": [], ""colors"": [""Bright White""], ""confidence"": 0.9}, {""category"": ""Hat"", ""materials"": [""Linen""], ""pattern"": ""Solid"", ""silhouette"": [], ""construction"": [], ""decoration"": [], ""colors"": [""Greenery""], ""confidence"": 0.85}, {""category"": ""Bag"", ""materials"": [""Leather/Faux Leather""], ""pattern"": ""Solid"", ""silhouette"": [], ""construction"": [], ""decoration"": [""Metal Hardware""], ""colors"": [""Rose Quartz""], ""confidence"": 0.8}, {""category"": ""Shoes/Boots"", ""materials"": [""Velvet""], ""pattern"": ""Solid"", ""silhouette"": [], ""construction"": [], ""decoration"": [], ""colors"": [""Chocolate Brown""], ""confidence"": 0.85}]",0.80
Givenchy,Spring 2026 Ready-to-Wear,49,"https://assets.vogue.com/photos/68e03ba4edaea224be38ba36/master/w_1024,c_limit/00049-givenchy-spring-2026-ready-to-wear-credit-brand.jpg","Quiet Luxury,Romantic,Minimalism","[{""category"": ""Dress"", ""materials"": [""Organza""], ""pattern"": ""Floral"", ""silhouette"": [""Elongated""], ""construction"": [""Wrap Closure"", ""Asymmetry"", ""Draping""], ""decoration"": [""Lace Trim""], ""colors"": [""Bright White"", ""Pearled Ivory""], ""confidence"": 0.85}, {""category"": ""Shoes/Boots"", ""materials"": [""not_visible""], ""pattern"": ""Solid"", ""silhouette"": [], ""construction"": [], ""decoration"": [], ""colors"": [""Bright White""], ""confidence"": 0.3}, {""category"": ""Jewelry/Accessory"", ""materials"": [""not_visible""], ""pattern"": ""not_visible"", ""silhouette"": [], ""construction"": [], ""decoration"": [], ""colors"": [""Silver""], ""confidence"": 0.5}]",0.30
Gucci,Pre-Fall 2026,58,"https://assets.vogue.com/photos/69305b85f25c7fb049e2f395/master/w_1024,c_limit/00058-gucci-pre-fall-2026-credit-brand.jpg","Loud Luxury,New Femininity,Quiet Status","[{""category"": ""Gown/Evening"", ""materials"": [""Metallic Fabric""], ""pattern"": ""Solid"", ""silhouette"": [""Fitted/Waisted"", ""Column""], ""construction"": [""Halter""], ""decoration"": [""Sequins""], ""colors"": [""Black"", ""Navy Peony""], ""confidence"": 0.95}, {""category"": ""Bag"", ""materials"": [""Leather/Faux Leather""], ""pattern"": ""Solid"", ""silhouette"": [], ""construction"": [], ""decoration"": [""Metal Hardware""], ""colors"": [""Navy Peony"", ""Silver""], ""confidence"": 0.9}, {""category"": ""Shoes/Boots"", ""materials"": [""Leather/Faux Leather""], ""pattern"": ""Solid"", ""silhouette"": [], ""construction"": [], ""decoration"": [""Metal Hardware""], ""colors"": [""Black"", ""Gold Fusion""], ""confidence"": 0.85}, {""category"": ""Jewelry/Accessory"", ""materials"": [""Metallic Fabric""], ""pattern"": ""not_visible"", ""silhouette"": [], ""construction"": [], ""decoration"": [""Rhinestones""], ""colors"": [""Silver""], ""confidence"": 0.88}, {""category"": ""Jewelry/Accessory"", ""materials"": [""Metallic Fabric""], ""pattern"": ""not_visible"", ""silhouette"": [], ""construction"": [], ""decoration"": [""Rhinestones""], ""colors"": [""Silver""], ""confidence"": 0.88}, {""category"": ""Jewelry/Accessory"", ""materials"": [""Metallic Fabric""], ""pattern"": ""not_visible"", ""silhouette"": [], ""construction"": [], ""decoration"": [""Rhinestones""], ""colors"": [""Gold Fusion""], ""confidence"": 0.85}]",0.85
Helmut Lang,Resort 2025,35,"https://assets.vogue.com/photos/6662ab88c05b08206a0c69ac/master/w_1024,c_limit/00035-helmut-lang-resort-2025-credit-brand.gif","Minimalism,Grunge,Streetwear","[{""category"": ""Knitwear/Cardigan"", ""materials"": [""Chunky Knit""], ""pattern"": ""Solid"", ""silhouette"": [""Relaxed"", ""Oversized""], ""construction"": [""Dropped Shoulder""], ""decoration"": [], ""colors"": [""Black""], ""confidence"": 0.85}, {""category"": ""Pants/Trousers"", ""materials"": [""Denim""], ""pattern"": ""Solid"", ""silhouette"": [""Slim Leg"", ""Elongated""], ""construction"": [""Cargo Pockets""], ""decoration"": [], ""colors"": [""Black""], ""confidence"": 0.8}, {""category"": ""Belt"", ""materials"": [""Leather/Faux Leather""], ""pattern"": ""Solid"", ""silhouette"": [], ""construction"": [], ""decoration"": [""Metal Hardware""], ""colors"": [""Silver Gray""], ""confidence"": 0.85}, {""category"": ""Shoes/Boots"", ""materials"": [""Leather/Faux Leather""], ""pattern"": ""Solid"", ""silhouette"": [], ""construction"": [], ""decoration"": [], ""colors"": [""Black""], ""confidence"": 0.75}, {""category"": ""Sunglasses"", ""materials"": [""not_visible""], ""pattern"": ""Solid"", ""silhouette"": [], ""construction"": [], ""decoration"": [], ""colors"": [""Black""], ""confidence"": 0.65}]",0.65
Issey Miyake,Fall 2025 Ready-to-Wear,2,"https://assets.vogue.com/photos/67cb00b6e6bdc4f4a4f62eaa/master/w_1024,c_limit/00002-issey-miyake-fall-2025-ready-to-wear-credit-gorunway.jpg","New Femininity,Minimalism,Sport Chic","[{""category"": ""Top/Blouse"", ""materials"": [""Cotton""], ""pattern"": ""Solid"", ""silhouette"": [""Relaxed""], ""construction"": [""Extended Cuffs""], ""decoration"": [], ""colors"": [""Bright White""], ""confidence"": 0.85}, {""category"": ""Dress"", ""materials"": [""Satin""], ""pattern"": ""Solid"", ""silhouette"": [""Fitted/Waisted""], ""construction"": [""Asymmetry"", ""Gathers"", ""Waist Seam""], ""decoration"": [], ""colors"": [""True Red""], ""confidence"": 0.9}, {""category"": ""Shoes/Boots"", ""materials"": [""Leather/Faux Leather""], ""pattern"": ""Solid"", ""silhouette"": [], ""construction"": [], ""decoration"": [], ""colors"": [""Bright White""], ""confidence"": 0.75}]",0.75
Jacquemus,Fall 2026 Ready-to-Wear,57,"https://assets.vogue.com/photos/697699958a3156942f3a26c6/master/w_1024,c_limit/00057-jacquemus-fall-2026-ready-to-wear-credit-gorunway.jpg","Quiet Luxury,Power Dressing,New Classic","[{""category"": ""Jacket/Blazer"", ""materials"": [""Suiting Fabric""], ""pattern"": ""Solid"", ""silhouette"": [""Oversized"", ""Waist Emphasis""], ""construction"": [""Stand Collar"", ""Asymmetry"", ""Wrap Closure"", ""Extended Cuffs""], ""decoration"": [""Contrast Stitching"", ""Statement Buttons""], ""colors"": [""Black""], ""confidence"": 0.85}, {""category"": ""Pants/Trousers"", ""materials"": [""Suiting Fabric""], ""pattern"": ""Solid"", ""silhouette"": [""Straight"", ""High Rise""], ""construction"": [], ""decoration"": [], ""colors"": [""Black""], ""confidence"": 0.9}, {""category"": ""Shoes/Boots"", ""materials"": [""Leather/Faux Leather""], ""pattern"": ""Solid"", ""silhouette"": [], ""construction"": [], ""decoration"": [], ""colors"": [""Bright White""], ""confidence"": 0.88}, {""category"": ""Bag"", ""materials"": [""Fur/Faux Fur""], ""pattern"": ""Floral"", ""silhouette"": [], ""construction"": [], ""decoration"": [""Metal Hardware""], ""colors"": [""Bright White"", ""Fiesta"", ""Pastel Yellow""], ""confidence"": 0.75}, {""category"": ""Jewelry/Accessory"", ""materials"": [""not_visible""], ""pattern"": ""not_visible"", ""silhouette"": [], ""construction"": [], ""decoration"": [""Metal Hardware""], ""colors"": [""not_visible""], ""confidence"": 0.75}]",0.75
Jil Sander,Spring 2025 Ready-to-Wear,26,"https://assets.vogue.com/photos/66eafed6cbfbe73d244d39e0/master/w_1024,c_limit/00026-jil-sander-spring-2025-ready-to-wear-credit-gorunway.jpg","New Femininity,Romantic,Ladylike","[{""category"": ""Dress"", ""materials"": [""Satin""], ""pattern"": ""Solid"", ""silhouette"": [""Column"", ""Fitted/Waisted""], ""construction"": [""V-Neck"", ""Puff Sleeves"", ""Wrap Closure"", ""Waist Seam""], ""decoration"": [], ""colors"": [""Bright White"", ""Pearled Ivory""], ""confidence"": 0.85}, {""category"": ""Top/Blouse"", ""materials"": [""Chiffon""], ""pattern"": ""Solid"", ""silhouette"": [], ""construction"": [""V-Neck"", ""Puff Sleeves""], ""decoration"": [], ""colors"": [""Butter Cream"", ""Pastel Yellow""], ""confidence"": 0.75}, {""category"": ""Shoes/Boots"", ""materials"": [""Leather/Faux Leather""], ""pattern"": ""Solid"", ""silhouette"": [], ""construction"": [], ""decoration"": [], ""colors"": [""Caramel"", ""Cognac""], ""confidence"": 0.8}, {""category"": ""Bag"", ""materials"": [""Leather/Faux Leather""], ""pattern"": ""Solid"", ""silhouette"": [], ""construction"": [], ""decoration"": [], ""colors"": [""Cognac"", ""Coffee Bean""], ""confidence"": 0.7}]",0.70
Lanvin,Fall 2025 Menswear,9,"https://assets.vogue.com/photos/67973b175cd4904a106d24aa/master/w_1024,c_limit/00009-lanvin-fall-2025-menswear-credit-gorunway.jpg","Loud Luxury,New Femininity,Body-conscious Basics","[{""category"": ""Dress"", ""materials"": [""Metallic Fabric""], ""pattern"": ""Solid"", ""silhouette"": [""Fitted/Waisted"", ""Column""], ""construction"": [""High Neck""], ""decoration"": [""Sequins"", ""Fringe""], ""colors"": [""Midnight Blue"", ""Black""], ""confidence"": 0.95}, {""category"": ""Shoes/Boots"", ""materials"": [""Leather/Faux Leather""], ""pattern"": ""Solid"", ""silhouette"": [], ""construction"": [], ""decoration"": [], ""colors"": [""Black""], ""confidence"": 0.85}]",0.85
Loewe,Spring 2026 Ready-to-Wear,6,"https://assets.vogue.com/photos/68dfc8d0edaea224be38b8ae/master/w_1024,c_limit/00006-loewe-spring-2026-ready-to-wear-credit-gorunway.jpg","Romantic,New Femininity,Eclectic","[{""category"": ""Dress"", ""materials"": [""Cotton""], ""pattern"": ""Floral"", ""silhouette"": [""Fitted/Waisted"", ""Cropped""], ""construction"": [""V-Neck""], ""decoration"": [], ""colors"": [""Black"", ""Baby Blue"", ""Greenery""], ""confidence"": 0.85}, {""category"": ""Shoes/Boots"", ""materials"": [""Leather/Faux Leather""], ""pattern"": ""Solid"", ""silhouette"": [], ""construction"": [], ""decoration"": [], ""colors"": [""Baby Blue""], ""confidence"": 0.75}, {""category"": ""Jewelry/Accessory"", ""materials"": [""not_visible""], ""pattern"": ""not_visible"", ""silhouette"": [], ""construction"": [], ""decoration"": [""Metal Hardware""], ""colors"": [], ""confidence"": 0.65}]",0.65
Marc Jacobs,Spring 2026 Ready-to-Wear,1,"https://assets.vogue.com/photos/698b0e1644f0f048f2c32224/master/w_1024,c_limit/00001-marc-jacobs-spring-2026-ready-to-wear-credit-brand.JPG","Quiet Luxury,New Classic,Preppy","[{""category"": ""Knitwear/Cardigan"", ""materials"": [""Fine Knit""], ""pattern"": ""Solid"", ""silhouette"": [""Fitted/Waisted"", ""Semi-Fitted""], ""construction"": [""V-Neck"", ""Extended Cuffs""], ""decoration"": [], ""colors"": [""Charcoal Gray""], ""confidence"": 0.9}, {""category"": ""Skirt"", ""materials"": [""Metallic Fabric""], ""pattern"": ""Solid"", ""silhouette"": [""Straight""], ""construction"": [""Waist Seam""], ""decoration"": [""Sequins""], ""colors"": [""Black""], ""confidence"": 0.85}, {""category"": ""Shoes/Boots"", ""materials"": [""Leather/Faux Leather""], ""pattern"": ""Solid"", ""silhouette"": [], ""construction"": [], ""decoration"": [], ""colors"": [""Black""], ""confidence"": 0.9}, {""category"": ""Belt"", ""materials"": [""not_visible""], ""pattern"": ""Solid"", ""silhouette"": [], ""construction"": [], ""decoration"": [""Metal Hardware""], ""colors"": [""Gold Fusion""], ""confidence"": 0.8}, {""category"": ""Jewelry/Accessory"", ""materials"": [""not_visible""], ""pattern"": ""Solid"", ""silhouette"": [], ""construction"": [], ""decoration"": [], ""colors"": [""Gold Fusion""], ""confidence"": 0.5}, {""category"": ""Scarf"", ""materials"": [""Ribbed Knit""], ""pattern"": ""Solid"", ""silhouette"": [], ""construction"": [""High Neck""], ""decoration"": [], ""colors"": [""Charcoal Gray""], ""confidence"": 0.85}]",0.50
Marni,Fall 2026 Ready-to-Wear,41,"https://assets.vogue.com/photos/69a14fdf269d7ea6b065c8be/master/w_1024,c_limit/00041-marni-fall-2026-ready-to-wear-credit-gorunway.jpg","Eclectic,Loud Luxury,Body-conscious Basics","[{""category"": ""Top/Blouse"", ""materials"": [""Cotton""], ""pattern"": ""Floral"", ""silhouette"": [""Cropped"", ""Oversized""], ""construction"": [""High Neck"", ""Extended Cuffs""], ""decoration"": [""Embroidery""], ""colors"": [""Fiesta"", ""Black"", ""Pearled Ivory""], ""confidence"": 0.85}, {""category"": ""Shorts"", ""materials"": [""Suiting Fabric""], ""pattern"": ""Solid"", ""silhouette"": [""Fitted/Waisted"", ""High Rise""], ""construction"": [""Waist Seam""], ""decoration"": [""Metal Hardware""], ""colors"": [""Charcoal Gray""], ""confidence"": 0.8}, {""category"": ""Shoes/Boots"", ""materials"": [""Leather/Faux Leather""], ""pattern"": ""Solid"", ""silhouette"": [], ""construction"": [], ""decoration"": [""Metal Hardware""], ""colors"": [""Cognac""], ""confidence"": 0.75}, {""category"": ""Belt"", ""materials"": [""Leather/Faux Leather""], ""pattern"": ""Solid"", ""silhouette"": [], ""construction"": [], ""decoration"": [], ""colors"": [""Charcoal Gray""], ""confidence"": 0.7}, {""category"": ""Bag"", ""materials"": [""Leather/Faux Leather""], ""pattern"": ""Solid"", ""silhouette"": [], ""construction"": [], ""decoration"": [], ""colors"": [""Tan Melange""], ""confidence"": 0.7}]",0.70
Max Mara,Resort 2025,7,"https://assets.vogue.com/photos/6668c8a392150dc1773e69f0/master/w_1024,c_limit/00007-max-mara-resort-2025-credit-gorunway.jpg","Quiet Luxury,New Classic,Soft Tailoring","[{""category"": ""Coat"", ""materials"": [""Trench/Rain Fabric""], ""pattern"": ""Solid"", ""silhouette"": [""Straight"", ""Elongated""], ""construction"": [""Draping""], ""decoration"": [], ""colors"": [""Pearled Ivory""], ""confidence"": 0.85}, {""category"": ""Knitwear/Cardigan"", ""materials"": [""Fine Knit""], ""pattern"": ""Solid"", ""silhouette"": [""Fitted/Waisted""], ""construction"": [""High Neck""], ""decoration"": [], ""colors"": [""Warm Sand""], ""confidence"": 0.8}, {""category"": ""Shirt"", ""materials"": [""Cotton""], ""pattern"": ""Solid"", ""silhouette"": [], ""construction"": [""Shirt Collar""], ""decoration"": [], ""colors"": [""Bright White""], ""confidence"": 0.75}, {""category"": ""Pants/Trousers"", ""materials"": [""Metallic Fabric""], ""pattern"": ""Solid"", ""silhouette"": [""Relaxed"", ""High Rise""], ""construction"": [""Drawstrings""], ""decoration"": [], ""colors"": [""Gold Fusion""], ""confidence"": 0.8}, {""category"": ""Shoes/Boots"", ""materials"": [""Leather/Faux Leather""], ""pattern"": ""Solid"", ""silhouette"": [], ""construction"": [], ""decoration"": [], ""colors"": [""Chocolate Brown""], ""confidence"": 0.7}, {""category"": ""Belt"", ""materials"": [""Leather/Faux Leather""], ""pattern"": ""Solid"", ""silhouette"": [], ""construction"": [], ""decoration"": [""Metal Hardware""], ""colors"": [""Warm Taupe""], ""confidence"": 0.75}]",0.70
Missoni,Pre-Fall 2025,16,"https://assets.vogue.com/photos/6756f0383f35af2f0e381b4b/master/w_1024,c_limit/00022-missoni-pre-fall-2025-credit-brand.jpg","Loud Luxury,Boudoir,Body-conscious Basics","[{""category"": ""Gown/Evening"", ""materials"": [""Metallic Fabric""], ""pattern"": ""Solid"", ""silhouette"": [""Column"", ""Fitted/Waisted""], ""construction"": [""High Neck"", ""Halter""], ""decoration"": [""Sequins"", ""Sheer Inserts""], ""colors"": [""Black"", ""Midnight Blue""], ""confidence"": 0.85}, {""category"": ""Shoes/Boots"", ""materials"": [""Leather/Faux Leather""], ""pattern"": ""Solid"", ""silhouette"": [], ""construction"": [], ""decoration"": [], ""colors"": [""Black""], ""confidence"": 0.75}]",0.75
Miu Miu,Fall 2025 Ready-to-Wear,44,"https://assets.vogue.com/photos/67d05d195243fdb1c6b577d0/master/w_1024,c_limit/00044-miu-miu-fall-2025-ready-to-wear-credit-gorunway.jpg","Quiet Luxury,New Classic,Old Money","[{""category"": ""Knitwear/Cardigan"", ""materials"": [""Ribbed Knit""], ""pattern"": ""Solid"", ""silhouette"": [""Fitted/Waisted""], ""construction"": [""V-Neck"", ""Draping""], ""decoration"": [], ""colors"": [""Warm Taupe""], ""confidence"": 0.9}, {""category"": ""Skirt"", ""materials"": [""Suede""], ""pattern"": ""Solid"", ""silhouette"": [""Straight""], ""construction"": [], ""decoration"": [], ""colors"": [""Chocolate Brown""], ""confidence"": 0.85}, {""category"": ""Shoes/Boots"", ""materials"": [""Leather/Faux Leather""], ""pattern"": ""Solid"", ""silhouette"": [], ""construction"": [], ""decoration"": [], ""colors"": [""Cognac""], ""confidence"": 0.8}, {""category"": ""Bag"", ""materials"": [""Leather/Faux Leather""], ""pattern"": ""Solid"", ""silhouette"": [], ""construction"": [""Statement Closure""], ""decoration"": [""Metal Hardware""], ""colors"": [""Black""], ""confidence"": 0.85}, {""category"": ""Jewelry/Accessory"", ""materials"": [""not_visible""], ""pattern"": ""not_visible"", ""silhouette"": [], ""construction"": [], ""decoration"": [], ""colors"": [""Silver Gray""], ""confidence"": 0.8}, {""category"": ""Other"", ""materials"": [""Fur/Faux Fur""], ""pattern"": ""not_visible"", ""silhouette"": [], ""construction"": [], ""decoration"": [], ""colors"": [""Chocolate Brown""], ""confidence"": 0.7}]",0.70
Moschino,Resort 2026,34,"https://assets.vogue.com/photos/6850392de3e6b6b31b08f4db/master/w_1024,c_limit/00035-moschino-resort-2026-credit-brand.jpg","Y2K,Eclectic,Body-conscious Basics","[{""category"": ""Shirt"", ""materials"": [""Denim""], ""pattern"": ""Embroidery Print"", ""silhouette"": [""Oversized"", ""Cropped""], ""construction"": [""Shirt Collar""], ""decoration"": [""Embroidery""], ""colors"": [""Classic Blue""], ""confidence"": 0.9}, {""category"": ""Pants/Trousers"", ""materials"": [""Denim""], ""pattern"": ""Embroidery Print"", ""silhouette"": [""Straight"", ""High Rise""], ""construction"": [""Slits""], ""decoration"": [""Embroidery""], ""colors"": [""Classic Blue""], ""confidence"": 0.85}, {""category"": ""Belt"", ""materials"": [""Leather/Faux Leather""], ""pattern"": ""Solid"", ""silhouette"": [], ""construction"": [], ""decoration"": [""Metal Hardware""], ""colors"": [""Gold Fusion""], ""confidence"": 0.8}, {""category"": ""Bag"", ""materials"": [""Denim""], ""pattern"": ""Embroidery Print"", ""silhouette"": [], ""construction"": [""Patch Pockets""], ""decoration"": [""Embroidery""], ""colors"": [""Classic Blue""], ""confidence"": 0.85}, {""category"": ""Shoes/Boots"", ""materials"": [""Leather/Faux Leather""], ""pattern"": ""Solid"", ""silhouette"": [], ""construction"": [], ""decoration"": [], ""colors"": [""Black""], ""confidence"": 0.7}, {""category"": ""Sunglasses"", ""materials"": [""not_visible""], ""pattern"": ""Solid"", ""silhouette"": [], ""construction"": [], ""decoration"": [], ""colors"": [""Black""], ""confidence"": 0.6}]",0.60
Prada,Fall 2026 Ready-to-Wear,30,"https://assets.vogue.com/photos/69a076fe14fbbaef7fd51d6a/master/w_1024,c_limit/00030-prada-fall-2026-ready-to-wear-credit-gorunway.jpg","New Classic,Power Dressing,Quiet Luxury","[{""category"": ""Jacket/Blazer"", ""materials"": [""Suiting Fabric""], ""pattern"": ""Solid"", ""silhouette"": [""Oversized"", ""Straight""], ""construction"": [""Wide Shoulders"", ""Extended Cuffs""], ""decoration"": [], ""colors"": [""Charcoal Gray""], ""confidence"": 0.95}, {""category"": ""Top/Blouse"", ""materials"": [""not_visible""], ""pattern"": ""Solid"", ""silhouette"": [], ""construction"": [], ""decoration"": [], ""colors"": [""Black""], ""confidence"": 0.4}, {""category"": ""Pants/Trousers"", ""materials"": [""Suiting Fabric""], ""pattern"": ""Solid"", ""silhouette"": [""Straight"", ""Elongated""], ""construction"": [""Slits""], ""decoration"": [], ""colors"": [""Charcoal Gray""], ""confidence"": 0.9}, {""category"": ""Shoes/Boots"", ""materials"": [""Leather/Faux Leather""], ""pattern"": ""Solid"", ""silhouette"": [], ""construction"": [], ""decoration"": [""Metal Hardware""], ""colors"": [""Bright White""], ""confidence"": 0.85}, {""category"": ""Jewelry/Accessory"", ""materials"": [""not_visible""], ""pattern"": ""Solid"", ""silhouette"": [], ""construction"": [], ""decoration"": [], ""colors"": [""Flamingo Pink""], ""confidence"": 0.3}, {""category"": ""Sunglasses"", ""materials"": [""not_visible""], ""pattern"": ""Solid"", ""silhouette"": [], ""construction"": [], ""decoration"": [], ""colors"": [""Pearled Ivory"", ""Silver""], ""confidence"": 0.5}]",0.30
Proenza Schouler,Spring 2026 Ready-to-Wear,14,"https://assets.vogue.com/photos/68c1c219cbaa3229084a49d6/master/w_1024,c_limit/00014-proenza-schouler-spring-2026-ready-to-wear-credit-brand.jpg","Romantic,Quiet Luxury,Resort","[{""category"": ""Gown/Evening"", ""materials"": [""Chiffon""], ""pattern"": ""Floral"", ""silhouette"": [""Column"", ""Elongated""], ""construction"": [""Halter"", ""Draping"", ""Pleats""], ""decoration"": [], ""colors"": [""Pearled Ivory"", ""Wax Yellow""], ""confidence"": 0.85}, {""category"": ""Jewelry/Accessory"", ""materials"": [""not_visible""], ""pattern"": ""not_visible"", ""silhouette"": [], ""construction"": [], ""decoration"": [""Metal Hardware""], ""colors"": [""Black""], ""confidence"": 0.9}, {""category"": ""Bag"", ""materials"": [""Leather/Faux Leather""], ""pattern"": ""Solid"", ""silhouette"": [], ""construction"": [], ""decoration"": [], ""colors"": [""Black""], ""confidence"": 0.88}, {""category"": ""Shoes/Boots"", ""materials"": [""not_visible""], ""pattern"": ""not_visible"", ""silhouette"": [], ""construction"": [], ""decoration"": [], ""colors"": [""not_visible""], ""confidence"": 0.6}]",0.60
Ralph Lauren,Spring 2026 Menswear,23,"https://assets.vogue.com/photos/6855be8df62a1be2ffb74f3e/master/w_1024,c_limit/00023-ralph-lauren-spring-2026-menswear-credit-brand.jpg","Quiet Luxury,New Classic,Old Money","[{""category"": ""Jacket/Blazer"", ""materials"": [""Suiting Fabric""], ""pattern"": ""Solid"", ""silhouette"": [""Oversized"", ""Shoulder Emphasis""], ""construction"": [""Shirt Collar"", ""Extended Cuffs""], ""decoration"": [""Statement Buttons""], ""colors"": [""Black""], ""confidence"": 0.95}, {""category"": ""Shirt"", ""materials"": [""Suiting Fabric""], ""pattern"": ""Solid"", ""silhouette"": [""Straight""], ""construction"": [""Shirt Collar""], ""decoration"": [], ""colors"": [""Bright White""], ""confidence"": 0.9}, {""category"": ""Pants/Trousers"", ""materials"": [""Suiting Fabric""], ""pattern"": ""Solid"", ""silhouette"": [""Straight"", ""High Rise""], ""construction"": [], ""decoration"": [], ""colors"": [""Bright White""], ""confidence"": 0.85}, {""category"": ""Shoes/Boots"", ""materials"": [""Suede""], ""pattern"": ""Solid"", ""silhouette"": [], ""construction"": [], ""decoration"": [""Metal Hardware""], ""colors"": [""Black""], ""confidence"": 0.85}, {""category"": ""Sunglasses"", ""materials"": [""not_visible""], ""pattern"": ""Solid"", ""silhouette"": [], ""construction"": [], ""decoration"": [], ""colors"": [""Black""], ""confidence"": 0.88}, {""category"": ""Jewelry/Accessory"", ""materials"": [""Leather/Faux Leather""], ""pattern"": ""Solid"", ""silhouette"": [], ""construction"": [], ""decoration"": [""Metal Hardware""], ""colors"": [""Bright White""], ""confidence"": 0.8}]",0.80
Rick Owens,Spring 2027 Menswear,53,"https://assets.vogue.com/photos/6a3d80f2224a1b3d1a6139a7/master/w_1024,c_limit/00053-rick-owens-spring-2027-menswear-credit-brand.jpg","Minimalism,Utilitarian,Power Dressing","[{""category"": ""Vest"", ""materials"": [""Suiting Fabric""], ""pattern"": ""Solid"", ""silhouette"": [""Oversized"", ""Shoulder Emphasis""], ""construction"": [""Stand Collar"", ""Wide Shoulders"", ""Patch Pockets""], ""decoration"": [""Statement Buttons""], ""colors"": [""Black""], ""confidence"": 0.85}, {""category"": ""Shirt"", ""materials"": [""Suiting Fabric""], ""pattern"": ""Solid"", ""silhouette"": [""Oversized""], ""construction"": [""Shirt Collar""], ""decoration"": [], ""colors"": [""Black""], ""confidence"": 0.75}, {""category"": ""Skirt"", ""materials"": [""Suiting Fabric""], ""pattern"": ""Solid"", ""silhouette"": [""A-line"", ""Elongated""], ""construction"": [""Waist Seam""], ""decoration"": [], ""colors"": [""Black""], ""confidence"": 0.8}, {""category"": ""Shoes/Boots"", ""materials"": [""Leather/Faux Leather""], ""pattern"": ""Solid"", ""silhouette"": [], ""construction"": [], ""decoration"": [], ""colors"": [""Black""], ""confidence"": 0.85}, {""category"": ""Sunglasses"", ""materials"": [""not_visible""], ""pattern"": ""Solid"", ""silhouette"": [], ""construction"": [], ""decoration"": [], ""colors"": [""Black""], ""confidence"": 0.85}]",0.75
Roksanda,Fall 2026 Ready-to-Wear,12,"https://assets.vogue.com/photos/699637d1726bb1f7a47f2d19/master/w_1024,c_limit/00016-roksanda-fall-2026-ready-to-wear-credit-brand.jpg","Minimalism,Quiet Luxury,New Classic","[{""category"": ""Dress"", ""materials"": [""Cotton""], ""pattern"": ""Solid"", ""silhouette"": [""A-line""], ""construction"": [""Wrap Closure"", ""Draping""], ""decoration"": [""Ties""], ""colors"": [""Wax Yellow""], ""confidence"": 0.85}, {""category"": ""Pants/Trousers"", ""materials"": [""Suiting Fabric""], ""pattern"": ""Solid"", ""silhouette"": [""Straight""], ""construction"": [], ""decoration"": [], ""colors"": [""Black""], ""confidence"": 0.8}, {""category"": ""Shoes/Boots"", ""materials"": [""Leather/Faux Leather""], ""pattern"": ""Solid"", ""silhouette"": [], ""construction"": [], ""decoration"": [], ""colors"": [""Black""], ""confidence"": 0.75}]",0.75
Saint Laurent,Fall 2025 Ready-to-Wear,28,"https://assets.vogue.com/photos/67d1bb7e8c5639a7e7c30c74/master/w_1024,c_limit/00028-saint-laurent-fall-2025-ready-to-wear-credit-gorunway.jpg","Quiet Luxury,New Classic,Intellectual Fashion","[{""category"": ""Knitwear/Cardigan"", ""materials"": [""Lace""], ""pattern"": ""Solid"", ""silhouette"": [""Semi-Fitted""], ""construction"": [""High Neck""], ""decoration"": [], ""colors"": [""Caramel""], ""confidence"": 0.9}, {""category"": ""Skirt"", ""materials"": [""Lace""], ""pattern"": ""Solid"", ""silhouette"": [""Fitted/Waisted"", ""Slim Leg""], ""construction"": [""Waist Seam""], ""decoration"": [], ""colors"": [""Chocolate Brown""], ""confidence"": 0.85}, {""category"": ""Shoes/Boots"", ""materials"": [""Leather/Faux Leather""], ""pattern"": ""Solid"", ""silhouette"": [], ""construction"": [], ""decoration"": [], ""colors"": [""Black""], ""confidence"": 0.85}, {""category"": ""Sunglasses"", ""materials"": [""not_visible""], ""pattern"": ""Solid"", ""silhouette"": [], ""construction"": [], ""decoration"": [], ""colors"": [""Black""], ""confidence"": 0.9}, {""category"": ""Jewelry/Accessory"", ""materials"": [""not_visible""], ""pattern"": ""Solid"", ""silhouette"": [], ""construction"": [], ""decoration"": [""Metal Hardware""], ""colors"": [""Gold Fusion""], ""confidence"": 0.8}]",0.80
Simone Rocha,Fall 2026 Ready-to-Wear,11,"https://assets.vogue.com/photos/699b53ebdaff512702a4d8b7/master/w_1024,c_limit/00011-simone-rocha-fall-2026-ready-to-wear-credit-gorunway.jpg","Romantic,Eclectic,Grunge","[{""category"": ""Dress"", ""materials"": [""Cotton""], ""pattern"": ""Floral"", ""silhouette"": [""Fitted/Waisted"", ""A-line""], ""construction"": [""Off-Shoulder"", ""Waist Seam"", ""Gathers""], ""decoration"": [""Bows""], ""colors"": [""Black"", ""Flamingo Pink"", ""Wax Yellow""], ""confidence"": 0.85}, {""category"": ""Top/Blouse"", ""materials"": [""Cotton""], ""pattern"": ""Solid"", ""silhouette"": [""Relaxed"", ""Volume Top + Slim Bottom""], ""construction"": [""Off-Shoulder"", ""Extended Cuffs""], ""decoration"": [], ""colors"": [""Black""], ""confidence"": 0.8}, {""category"": ""Shoes/Boots"", ""materials"": [""Leather/Faux Leather""], ""pattern"": ""Solid"", ""silhouette"": [], ""construction"": [], ""decoration"": [""Metal Hardware""], ""colors"": [""Black""], ""confidence"": 0.75}, {""category"": ""Hat"", ""materials"": [""not_visible""], ""pattern"": ""Solid"", ""silhouette"": [], ""construction"": [], ""decoration"": [], ""colors"": [""Black""], ""confidence"": 0.7}, {""category"": ""Jewelry/Accessory"", ""materials"": [""not_visible""], ""pattern"": ""not_visible"", ""silhouette"": [], ""construction"": [], ""decoration"": [], ""colors"": [""Black""], ""confidence"": 0.65}]",0.65
Sportmax,Fall 2025 Ready-to-Wear,48,"https://assets.vogue.com/photos/67c1bc538c5b4cdffd319daa/master/w_1024,c_limit/00048-sportmax-fall-2025-ready-to-wear-credit-gorunway.jpg","Quiet Luxury,New Classic,Soft Tailoring","[{""category"": ""Cape/Poncho"", ""materials"": [""Textured Knit""], ""pattern"": ""Solid"", ""silhouette"": [""Cocoon""], ""construction"": [""Draping"", ""Asymmetry""], ""decoration"": [], ""colors"": [""Warm Taupe""], ""confidence"": 0.85}, {""category"": ""Knitwear/Cardigan"", ""materials"": [""Textured Knit""], ""pattern"": ""Solid"", ""silhouette"": [""Relaxed"", ""Oversized""], ""construction"": [""High Neck"", ""Slits""], ""decoration"": [], ""colors"": [""Warm Taupe""], ""confidence"": 0.8}, {""category"": ""Gloves"", ""materials"": [""Leather/Faux Leather""], ""pattern"": ""Solid"", ""silhouette"": [], ""construction"": [], ""decoration"": [], ""colors"": [""Black""], ""confidence"": 0.75}, {""category"": ""Shoes/Boots"", ""materials"": [""Suede""], ""pattern"": ""Solid"", ""silhouette"": [], ""construction"": [], ""decoration"": [], ""colors"": [""Pearled Ivory""], ""confidence"": 0.7}]",0.70
Stella McCartney,Spring 2026 Ready-to-Wear,44,"https://assets.vogue.com/photos/68dc442c285c013816f510fd/master/w_1024,c_limit/00044-stella-mccartney-spring-2026-ready-to-wear-credit-gorunway.jpg","Loud Luxury,New Femininity,Romantic","[{""category"": ""Gown/Evening"", ""materials"": [""Satin""], ""pattern"": ""Solid"", ""silhouette"": [""Fitted/Waisted""], ""construction"": [""V-Neck"", ""Draping"", ""Asymmetry"", ""Slits""], ""decoration"": [], ""colors"": [""True Red""], ""confidence"": 0.95}, {""category"": ""Shoes/Boots"", ""materials"": [""Leather/Faux Leather""], ""pattern"": ""Solid"", ""silhouette"": [], ""construction"": [], ""decoration"": [], ""colors"": [""True Red""], ""confidence"": 0.85}, {""category"": ""Jewelry/Accessory"", ""materials"": [""not_visible""], ""pattern"": ""Solid"", ""silhouette"": [], ""construction"": [], ""decoration"": [], ""colors"": [""True Red""], ""confidence"": 0.8}]",0.80
Thom Browne,Resort 2025,32,"https://assets.vogue.com/photos/67803579d804f22a3d3b27fa/master/w_1024,c_limit/00032-thom-browne-resort-2025-credit-brand.jpg","Preppy,Old Money,New Classic","[{""category"": ""Jacket/Blazer"", ""materials"": [""Suiting Fabric""], ""pattern"": ""Checks/Plaid"", ""silhouette"": [""Semi-Fitted""], ""construction"": [""Shirt Collar"", ""Extended Cuffs""], ""decoration"": [], ""colors"": [""Fiesta"", ""Bright White""], ""confidence"": 0.95}, {""category"": ""Shirt"", ""materials"": [""Suiting Fabric""], ""pattern"": ""Checks/Plaid"", ""silhouette"": [""Fitted/Waisted""], ""construction"": [""Shirt Collar""], ""decoration"": [], ""colors"": [""Fiesta"", ""Bright White""], ""confidence"": 0.85}, {""category"": ""Knitwear/Cardigan"", ""materials"": [""Fine Knit""], ""pattern"": ""Solid"", ""silhouette"": [""Fitted/Waisted""], ""construction"": [], ""decoration"": [""Statement Buttons""], ""colors"": [""True Red""], ""confidence"": 0.88}, {""category"": ""Scarf"", ""materials"": [""Suiting Fabric""], ""pattern"": ""Checks/Plaid"", ""silhouette"": [], ""construction"": [], ""decoration"": [], ""colors"": [""Fiesta"", ""Bright White""], ""confidence"": 0.88}, {""category"": ""Skirt"", ""materials"": [""Cotton""], ""pattern"": ""Solid"", ""silhouette"": [], ""construction"": [""Pleats""], ""decoration"": [], ""colors"": [""Pink Lemonade""], ""confidence"": 0.85}, {""category"": ""Pants/Trousers"", ""materials"": [""Suiting Fabric""], ""pattern"": ""Solid"", ""silhouette"": [""Straight""], ""construction"": [], ""decoration"": [""Appliqué""], ""colors"": [""Bright White""], ""confidence"": 0.85}, {""category"": ""Shoes/Boots"", ""materials"": [""Leather/Faux Leather""], ""pattern"": ""Solid"", ""silhouette"": [], ""construction"": [], ""decoration"": [], ""colors"": [""Black""], ""confidence"": 0.88}, {""category"": ""Bag"", ""materials"": [""Leather/Faux Leather""], ""pattern"": ""Solid"", ""silhouette"": [], ""construction"": [], ""decoration"": [""Metal Hardware""], ""colors"": [""Cognac""], ""confidence"": 0.88}]",0.85
Tom Ford,Fall 2026 Ready-to-Wear,28,"https://assets.vogue.com/photos/69a8a3ce2ccd46c27aba82a9/master/w_1024,c_limit/00028-tom-ford-fall-2026-ready-to-wear-credit-gorunway.jpg","Quiet Luxury,Sport Chic,New Classic","[{""category"": ""Jacket/Blazer"", ""materials"": [""Nylon""], ""pattern"": ""Solid"", ""silhouette"": [""Relaxed"", ""Cropped""], ""construction"": [""Structural Zipper""], ""decoration"": [], ""colors"": [""Forest Green""], ""confidence"": 0.92}, {""category"": ""Top/Blouse"", ""materials"": [""not_visible""], ""pattern"": ""Solid"", ""silhouette"": [""Semi-Fitted""], ""construction"": [""Polo Collar""], ""decoration"": [], ""colors"": [""Navy Peony""], ""confidence"": 0.85}, {""category"": ""Top/Blouse"", ""materials"": [""Suiting Fabric""], ""pattern"": ""Solid"", ""silhouette"": [], ""construction"": [], ""decoration"": [], ""colors"": [""Bright White""], ""confidence"": 0.88}, {""category"": ""Pants/Trousers"", ""materials"": [""Suiting Fabric""], ""pattern"": ""Stripes"", ""silhouette"": [""Straight"", ""High Rise""], ""construction"": [], ""decoration"": [], ""colors"": [""Charcoal Gray""], ""confidence"": 0.9}, {""category"": ""Shoes/Boots"", ""materials"": [""Leather/Faux Leather""], ""pattern"": ""Solid"", ""silhouette"": [], ""construction"": [], ""decoration"": [], ""colors"": [""Black""], ""confidence"": 0.85}, {""category"": ""Bag"", ""materials"": [""Leather/Faux Leather""], ""pattern"": ""Solid"", ""silhouette"": [], ""construction"": [], ""decoration"": [], ""colors"": [""Black""], ""confidence"": 0.88}, {""category"": ""Sunglasses"", ""materials"": [""not_visible""], ""pattern"": ""Solid"", ""silhouette"": [], ""construction"": [], ""decoration"": [], ""colors"": [""Black""], ""confidence"": 0.9}, {""category"": ""Gloves"", ""materials"": [""Leather/Faux Leather""], ""pattern"": ""Solid"", ""silhouette"": [], ""construction"": [], ""decoration"": [], ""colors"": [""Black""], ""confidence"": 0.85}]",0.85
Tory Burch,Spring 2025 Ready-to-Wear,35,"https://assets.vogue.com/photos/66dff725a92b75b4a069d3cf/master/w_1024,c_limit/00035-tory-burch-spring-2025-ready-to-wear-credit-gorunway.jpg","Minimalism,Quiet Luxury,New Classic","[{""category"": ""Coat"", ""materials"": [""Suiting Fabric""], ""pattern"": ""Solid"", ""silhouette"": [""Oversized""], ""construction"": [""Wrap Closure"", ""Asymmetry"", ""Draping""], ""decoration"": [""Ties""], ""colors"": [""Black""], ""confidence"": 0.85}, {""category"": ""Dress"", ""materials"": [""Suiting Fabric""], ""pattern"": ""Solid"", ""silhouette"": [], ""construction"": [""V-Neck"", ""Slits"", ""Asymmetry""], ""decoration"": [], ""colors"": [""Black""], ""confidence"": 0.8}, {""category"": ""Shoes/Boots"", ""materials"": [""Leather/Faux Leather""], ""pattern"": ""Solid"", ""silhouette"": [], ""construction"": [], ""decoration"": [], ""colors"": [""Black""], ""confidence"": 0.75}, {""category"": ""Jewelry/Accessory"", ""materials"": [""not_visible""], ""pattern"": ""not_visible"", ""silhouette"": [], ""construction"": [], ""decoration"": [""Metal Hardware""], ""colors"": [], ""confidence"": 0.7}]",0.70
Valentino,Fall 2026 Ready-to-Wear,23,"https://assets.vogue.com/photos/69b418360d347938a224f4d6/master/w_1024,c_limit/00023-valentino-fall-2026-ready-to-wear-credit-gorunway.jpg","Boudoir,Romantic,Loud Luxury","[{""category"": ""Top/Blouse"", ""materials"": [""Lace""], ""pattern"": ""Floral"", ""silhouette"": [""Fitted/Waisted""], ""construction"": [""V-Neck"", ""Dropped Shoulder""], ""decoration"": [], ""colors"": [""Black"", ""Coffee Bean""], ""confidence"": 0.85}, {""category"": ""Skirt"", ""materials"": [""Satin""], ""pattern"": ""Solid"", ""silhouette"": [""A-line""], ""construction"": [""Wrap Closure"", ""Gathers"", ""Asymmetry""], ""decoration"": [], ""colors"": [""Fiesta""], ""confidence"": 0.9}, {""category"": ""Scarf"", ""materials"": [""Sheer Fabric""], ""pattern"": ""Solid"", ""silhouette"": [], ""construction"": [], ""decoration"": [], ""colors"": [""Black""], ""confidence"": 0.75}, {""category"": ""Jewelry/Accessory"", ""materials"": [""Metallic Fabric""], ""pattern"": ""not_visible"", ""silhouette"": [], ""construction"": [], ""decoration"": [""Metal Hardware""], ""colors"": [""Silver""], ""confidence"": 0.7}, {""category"": ""Shoes/Boots"", ""materials"": [""Leather/Faux Leather""], ""pattern"": ""Solid"", ""silhouette"": [], ""construction"": [], ""decoration"": [], ""colors"": [""Black""], ""confidence"": 0.6}]",0.60
Versace,Resort 2025,5,"https://assets.vogue.com/photos/668d0a82b48c4e7c8c369d57/master/w_1024,c_limit/00005-versace-resort-2025-credit-brand.jpg","Quiet Luxury,Power Dressing,Eclectic","[{""category"": ""Jacket/Blazer"", ""materials"": [""Suiting Fabric""], ""pattern"": ""Solid"", ""silhouette"": [""Fitted/Waisted""], ""construction"": [""Stand Collar"", ""Extended Cuffs""], ""decoration"": [""Statement Buttons""], ""colors"": [""Black""], ""confidence"": 0.95}, {""category"": ""Knitwear/Cardigan"", ""materials"": [""Fine Knit""], ""pattern"": ""Solid"", ""silhouette"": [""Fitted/Waisted""], ""construction"": [""High Neck""], ""decoration"": [], ""colors"": [""Black""], ""confidence"": 0.85}, {""category"": ""Pants/Trousers"", ""materials"": [""Cotton""], ""pattern"": ""Animal Print"", ""silhouette"": [""Slim Leg""], ""construction"": [], ""decoration"": [], ""colors"": [""Tan Melange"", ""Black""], ""confidence"": 0.8}, {""category"": ""Shoes/Boots"", ""materials"": [""Leather/Faux Leather""], ""pattern"": ""Animal Print"", ""silhouette"": [], ""construction"": [], ""decoration"": [], ""colors"": [""Tan Melange"", ""Black""], ""confidence"": 0.88}, {""category"": ""Bag"", ""materials"": [""Leather/Faux Leather""], ""pattern"": ""Solid"", ""silhouette"": [], ""construction"": [], ""decoration"": [""Metal Hardware""], ""colors"": [""Cognac""], ""confidence"": 0.9}, {""category"": ""Gloves"", ""materials"": [""Leather/Faux Leather""], ""pattern"": ""Solid"", ""silhouette"": [], ""construction"": [], ""decoration"": [], ""colors"": [""Black""], ""confidence"": 0.85}, {""category"": ""Jewelry/Accessory"", ""materials"": [""not_visible""], ""pattern"": ""Solid"", ""silhouette"": [], ""construction"": [], ""decoration"": [], ""colors"": [""Gold Fusion""], ""confidence"": 0.8}]",0.80
Vivienne Westwood,Fall 2025 Ready-to-Wear,17,"https://assets.vogue.com/photos/6800d3eae08bacf69dfff933/master/w_1024,c_limit/00017-vivienne-westwood-fall-2025-ready-to-wear-credit-brand.jpg","Boudoir,Quiet Luxury,New Femininity","[{""category"": ""Jacket/Blazer"", ""materials"": [""Suiting Fabric""], ""pattern"": ""Solid"", ""silhouette"": [""Relaxed"", ""Oversized""], ""construction"": [""Statement Closure""], ""decoration"": [""Statement Buttons""], ""colors"": [""True Red""], ""confidence"": 0.85}, {""category"": ""Pants/Trousers"", ""materials"": [""Suiting Fabric""], ""pattern"": ""Solid"", ""silhouette"": [""Wide Leg/Flare"", ""Relaxed""], ""construction"": [], ""decoration"": [], ""colors"": [""True Red""], ""confidence"": 0.8}, {""category"": ""Top/Blouse"", ""materials"": [""Fine Knit""], ""pattern"": ""Solid"", ""silhouette"": [""Fitted/Waisted""], ""construction"": [""High Neck""], ""decoration"": [], ""colors"": [""Black""], ""confidence"": 0.75}, {""category"": ""Shoes/Boots"", ""materials"": [""Leather/Faux Leather""], ""pattern"": ""Solid"", ""silhouette"": [], ""construction"": [], ""decoration"": [], ""colors"": [""Gold Fusion"", ""Cognac""], ""confidence"": 0.7}]",0.70
Acne Studios,Fall 2026 Ready-to-Wear,34,"https://assets.vogue.com/photos/69a94dc7b1b864c281c3cf30/master/w_1024,c_limit/00034-acne-studios-fall-2026-ready-to-wear-credit-gorunway.jpg","New Classic,Quiet Luxury,Office Aesthetic","[{""category"": ""Jacket/Blazer"", ""materials"": [""Suiting Fabric""], ""pattern"": ""Solid"", ""silhouette"": [""Straight"", ""Oversized""], ""construction"": [""Patch Pockets""], ""decoration"": [""Statement Buttons""], ""colors"": [""Doeskin"", ""Tan Melange""], ""confidence"": 0.9}, {""category"": ""Knitwear/Cardigan"", ""materials"": [""Fine Knit""], ""pattern"": ""Solid"", ""silhouette"": [""Fitted/Waisted""], ""construction"": [], ""decoration"": [], ""colors"": [""Cognac"", ""Chocolate Brown""], ""confidence"": 0.85}, {""category"": ""Shirt"", ""materials"": [""Cotton""], ""pattern"": ""Checks/Plaid"", ""silhouette"": [], ""construction"": [""Shirt Collar""], ""decoration"": [], ""colors"": [""Bright White"", ""Doeskin""], ""confidence"": 0.8}, {""category"": ""Pants/Trousers"", ""materials"": [""Suiting Fabric""], ""pattern"": ""Floral"", ""silhouette"": [""Slim Leg"", ""High Rise""], ""construction"": [], ""decoration"": [], ""colors"": [""Butter Cream"", ""Toasted Coconut"", ""Caramel""], ""confidence"": 0.8}, {""category"": ""Shoes/Boots"", ""materials"": [""Suede""], ""pattern"": ""Solid"", ""silhouette"": [], ""construction"": [], ""decoration"": [], ""colors"": [""Black""], ""confidence"": 0.75}, {""category"": ""Bag"", ""materials"": [""Leather/Faux Leather""], ""pattern"": ""Solid"", ""silhouette"": [], ""construction"": [], ""decoration"": [""Metal Hardware""], ""colors"": [""Cognac"", ""Chocolate Brown""], ""confidence"": 0.85}, {""category"": ""Jewelry/Accessory"", ""materials"": [""not_visible""], ""pattern"": ""Solid"", ""silhouette"": [], ""construction"": [], ""decoration"": [], ""colors"": [""Gold Fusion"", ""Toasted Coconut""], ""confidence"": 0.8}, {""category"": ""Belt"", ""materials"": [""Fur/Faux Fur""], ""pattern"": ""Solid"", ""silhouette"": [], ""construction"": [], ""decoration"": [], ""colors"": [""Black""], ""confidence"": 0.85}]",0.75
Alberta Ferretti,Fall 2025 Ready-to-Wear,20,"https://assets.vogue.com/photos/67be2aa5b0553e5330fe1b9b/master/w_1024,c_limit/00020-alberta-ferretti-fall-2025-ready-to-wear-credit-brand.jpg","Quiet Luxury,New Classic,Power Dressing","[{""category"": ""Dress"", ""materials"": [""Suiting Fabric""], ""pattern"": ""Solid"", ""silhouette"": [""Fitted/Waisted"", ""Column""], ""construction"": [""High Neck"", ""Gathers"", ""Waist Seam""], ""decoration"": [], ""colors"": [""True Red""], ""confidence"": 0.95}, {""category"": ""Cape/Poncho"", ""materials"": [""Suiting Fabric""], ""pattern"": ""Solid"", ""silhouette"": [], ""construction"": [], ""decoration"": [], ""colors"": [""True Red""], ""confidence"": 0.85}, {""category"": ""Shoes/Boots"", ""materials"": [""Leather/Faux Leather""], ""pattern"": ""Solid"", ""silhouette"": [], ""construction"": [], ""decoration"": [], ""colors"": [""Flamingo Pink""], ""confidence"": 0.75}, {""category"": ""Jewelry/Accessory"", ""materials"": [""not_visible""], ""pattern"": ""not_visible"", ""silhouette"": [], ""construction"": [], ""decoration"": [""Metal Hardware""], ""colors"": [], ""confidence"": 0.7}]",0.70
Alexander McQueen,Fall 2026 Ready-to-Wear,14,"https://assets.vogue.com/photos/69adebabdc2a6ef7cfaca518/master/w_1024,c_limit/00014-mcqueen-fall-2026-ready-to-wear-credit-gorunway.jpg","Quiet Luxury,New Classic,Soft Tailoring","[{""category"": ""Coat"", ""materials"": [""Trench/Rain Fabric""], ""pattern"": ""Solid"", ""silhouette"": [""Straight"", ""Relaxed""], ""construction"": [""Statement Closure"", ""Patch Pockets"", ""Waist Seam""], ""decoration"": [""Statement Buttons"", ""Metal Hardware""], ""colors"": [""Caramel"", ""Warm Taupe""], ""confidence"": 0.85}, {""category"": ""Knitwear/Cardigan"", ""materials"": [""Ribbed Knit""], ""pattern"": ""Solid"", ""silhouette"": [], ""construction"": [""High Neck""], ""decoration"": [], ""colors"": [""True Red""], ""confidence"": 0.85}, {""category"": ""Jewelry/Accessory"", ""materials"": [""not_visible""], ""pattern"": ""not_visible"", ""silhouette"": [], ""construction"": [], ""decoration"": [""Metal Hardware""], ""colors"": [""Silver""], ""confidence"": 0.75}, {""category"": ""Shoes/Boots"", ""materials"": [""Leather/Faux Leather""], ""pattern"": ""Solid"", ""silhouette"": [], ""construction"": [], ""decoration"": [], ""colors"": [""Black""], ""confidence"": 0.8}]",0.75
Altuzarra,Spring 2025 Ready-to-Wear,10,"https://assets.vogue.com/photos/671a9cbb4b0981084de8aaf8/master/w_1024,c_limit/00010-altuzarra-spring-2025-ready-to-wear-credit-brand.jpg","Quiet Luxury,Intellectual Fashion,New Classic","[{""category"": ""Knitwear/Cardigan"", ""materials"": [""Chunky Knit""], ""pattern"": ""Geometric"", ""silhouette"": [""Shoulder Emphasis"", ""Cropped""], ""construction"": [""High Neck"", ""Wide Shoulders"", ""Extended Cuffs""], ""decoration"": [""Contrast Stitching""], ""colors"": [""Black"", ""Bright White""], ""confidence"": 0.85}, {""category"": ""Pants/Trousers"", ""materials"": [""Suiting Fabric""], ""pattern"": ""Solid"", ""silhouette"": [""Elongated"", ""Wide Leg/Flare""], ""construction"": [""Pleats"", ""Waist Seam""], ""decoration"": [], ""colors"": [""Navy Peony"", ""Black""], ""confidence"": 0.75}, {""category"": ""Shoes/Boots"", ""materials"": [""Leather/Faux Leather""], ""pattern"": ""Solid"", ""silhouette"": [], ""construction"": [], ""decoration"": [], ""colors"": [""Black""], ""confidence"": 0.8}, {""category"": ""Hat"", ""materials"": [""Textured Knit""], ""pattern"": ""Solid"", ""silhouette"": [], ""construction"": [], ""decoration"": [], ""colors"": [""Bright White""], ""confidence"": 0.7}, {""category"": ""Jewelry/Accessory"", ""materials"": [""not_visible""], ""pattern"": ""Geometric"", ""silhouette"": [], ""construction"": [], ""decoration"": [""Metal Hardware""], ""colors"": [""Gold Fusion"", ""Silver""], ""confidence"": 0.8}]",0.70
Area,Fall 2026 Ready-to-Wear,39,"https://assets.vogue.com/photos/698fd08b767a9aa3fbdd7db3/master/w_1024,c_limit/00039-area-fall-2026-ready-to-wear-credit-gorunway.jpg","Loud Luxury,New Femininity,Romantic","[{""category"": ""Dress"", ""materials"": [""Sheer Fabric"", ""Metallic Fabric""], ""pattern"": ""Abstract"", ""silhouette"": [""Column""], ""construction"": [""Asymmetry"", ""Draping"", ""Off-Shoulder"", ""Layered Details""], ""decoration"": [""Metal Hardware"", ""Sequins""], ""colors"": [""Black"", ""Gold Fusion""], ""confidence"": 0.85}, {""category"": ""Shoes/Boots"", ""materials"": [""Leather/Faux Leather""], ""pattern"": ""Solid"", ""silhouette"": [], ""construction"": [], ""decoration"": [], ""colors"": [""Black""], ""confidence"": 0.75}, {""category"": ""Jewelry/Accessory"", ""materials"": [""not_visible""], ""pattern"": ""Solid"", ""silhouette"": [], ""construction"": [], ""decoration"": [""Metal Hardware"", ""Grommets""], ""colors"": [""Gold Fusion""], ""confidence"": 0.8}]",0.75
Balenciaga,Resort 2025,49,"https://assets.vogue.com/photos/665892a7b808fb81f119fd19/master/w_1024,c_limit/00049-balenciaga-resort-2025-credit-gorunway.jpg","Quiet Luxury,Minimalism,Grunge","[{""category"": ""Coat"", ""materials"": [""Fur/Faux Fur""], ""pattern"": ""Solid"", ""silhouette"": [""Oversized"", ""Straight""], ""construction"": [""Dropped Shoulder""], ""decoration"": [], ""colors"": [""Black""], ""confidence"": 0.95}, {""category"": ""Top/Blouse"", ""materials"": [""not_visible""], ""pattern"": ""Solid"", ""silhouette"": [""Cropped""], ""construction"": [""V-Neck""], ""decoration"": [], ""colors"": [""Doeskin""], ""confidence"": 0.85}, {""category"": ""Pants/Trousers"", ""materials"": [""Sheer Fabric""], ""pattern"": ""Solid"", ""silhouette"": [""Slim Leg"", ""High Rise""], ""construction"": [], ""decoration"": [], ""colors"": [""Black""], ""confidence"": 0.75}, {""category"": ""Sunglasses"", ""materials"": [""not_visible""], ""pattern"": ""not_visible"", ""silhouette"": [], ""construction"": [], ""decoration"": [], ""colors"": [], ""confidence"": 0.95}, {""category"": ""Bag"", ""materials"": [""Metallic Fabric""], ""pattern"": ""not_visible"", ""silhouette"": [], ""construction"": [], ""decoration"": [""Sequins""], ""colors"": [""Black""], ""confidence"": 0.85}, {""category"": ""Jewelry/Accessory"", ""materials"": [""not_visible""], ""pattern"": ""not_visible"", ""silhouette"": [], ""construction"": [], ""decoration"": [], ""colors"": [], ""confidence"": 0.7}]",0.70
Balmain,Pre-Fall 2025,33,"https://assets.vogue.com/photos/6751bfe19d7b31e377f515aa/master/w_1024,c_limit/00033-balmain-prefall-2025-credit-brand.jpg","Quiet Luxury,New Classic,Ladylike","[{""category"": ""Jacket/Blazer"", ""materials"": [""Tweed""], ""pattern"": ""Solid"", ""silhouette"": [""Fitted/Waisted"", ""Cropped""], ""construction"": [""Wide Shoulders"", ""Extended Cuffs""], ""decoration"": [""Contrast Stitching"", ""Metal Hardware""], ""colors"": [""Rose Quartz"", ""Powder Pink""], ""confidence"": 0.85}, {""category"": ""Top/Blouse"", ""materials"": [""Lace""], ""pattern"": ""Floral"", ""silhouette"": [""Fitted/Waisted""], ""construction"": [""High Neck""], ""decoration"": [], ""colors"": [""Black""], ""confidence"": 0.8}, {""category"": ""Skirt"", ""materials"": [""Suiting Fabric""], ""pattern"": ""Solid"", ""silhouette"": [""Straight"", ""High Rise""], ""construction"": [""Waist Seam""], ""decoration"": [], ""colors"": [""Black""], ""confidence"": 0.78}, {""category"": ""Belt"", ""materials"": [""Leather/Faux Leather""], ""pattern"": ""Solid"", ""silhouette"": [], ""construction"": [""Statement Closure""], ""decoration"": [""Metal Hardware""], ""colors"": [""Gold Fusion"", ""Black""], ""confidence"": 0.8}, {""category"": ""Shoes/Boots"", ""materials"": [""Leather/Faux Leather""], ""pattern"": ""Solid"", ""silhouette"": [], ""construction"": [], ""decoration"": [], ""colors"": [""Black""], ""confidence"": 0.88}, {""category"": ""Bag"", ""materials"": [""Fur/Faux Fur""], ""pattern"": ""Solid"", ""silhouette"": [], ""construction"": [], ""decoration"": [""Metal Hardware""], ""colors"": [""Black""], ""confidence"": 0.75}, {""category"": ""Hat"", ""materials"": [""Fur/Faux Fur""], ""pattern"": ""Solid"", ""silhouette"": [], ""construction"": [], ""decoration"": [], ""colors"": [""Black""], ""confidence"": 0.8}, {""category"": ""Jewelry/Accessory"", ""materials"": [""not_visible""], ""pattern"": ""Solid"", ""silhouette"": [], ""construction"": [], ""decoration"": [""Metal Hardware""], ""colors"": [""Gold Fusion""], ""confidence"": 0.7}]",0.70
Bottega Veneta,Spring 2025 Ready-to-Wear,71,"https://assets.vogue.com/photos/66f060b63f50b7beee3be293/master/w_1024,c_limit/00071-bottega-veneta-spring-2025-ready-to-wear-credit-gorunway.jpg","Loud Luxury,Eclectic,70s Retro","[{""category"": ""Vest"", ""materials"": [""Metallic Fabric""], ""pattern"": ""Solid"", ""silhouette"": [""Fitted/Waisted""], ""construction"": [""V-Neck""], ""decoration"": [], ""colors"": [""Gold Fusion""], ""confidence"": 0.85}, {""category"": ""Skirt"", ""materials"": [""Suiting Fabric""], ""pattern"": ""Solid"", ""silhouette"": [""A-line""], ""construction"": [""Waist Seam""], ""decoration"": [""Metal Hardware""], ""colors"": [""True Red""], ""confidence"": 0.8}, {""category"": ""Skirt"", ""materials"": [""Satin""], ""pattern"": ""Solid"", ""silhouette"": [""Straight""], ""construction"": [], ""decoration"": [""Metal Hardware""], ""colors"": [""Black""], ""confidence"": 0.75}, {""category"": ""Hat"", ""materials"": [""not_visible""], ""pattern"": ""Solid"", ""silhouette"": [], ""construction"": [], ""decoration"": [], ""colors"": [""Flamingo Pink"", ""Silver Gray""], ""confidence"": 0.6}, {""category"": ""Shoes/Boots"", ""materials"": [""Leather/Faux Leather""], ""pattern"": ""Solid"", ""silhouette"": [""Elongated""], ""construction"": [], ""decoration"": [], ""colors"": [""Black""], ""confidence"": 0.75}, {""category"": ""Bag"", ""materials"": [""Leather/Faux Leather""], ""pattern"": ""Solid"", ""silhouette"": [], ""construction"": [], ""decoration"": [], ""colors"": [""Black""], ""confidence"": 0.7}]",0.60
Celine,Fall 2026 Ready-to-Wear,51,"https://assets.vogue.com/photos/69b003d289c2f96b2b901955/master/w_1024,c_limit/00051-celine-fall-2026-ready-to-wear-credit-brand.jpg","Minimalism,Quiet Luxury,Moto","[{""category"": ""Coat"", ""materials"": [""Suiting Fabric""], ""pattern"": ""Solid"", ""silhouette"": [""Oversized"", ""Elongated""], ""construction"": [""Stand Collar"", ""Wide Shoulders"", ""Statement Closure""], ""decoration"": [""Statement Buttons"", ""Metal Hardware""], ""colors"": [""Midnight Blue""], ""confidence"": 0.85}, {""category"": ""Shirt"", ""materials"": [""Suiting Fabric""], ""pattern"": ""Solid"", ""silhouette"": [""Relaxed""], ""construction"": [""Shirt Collar""], ""decoration"": [], ""colors"": [""Classic Blue""], ""confidence"": 0.7}, {""category"": ""Pants/Trousers"", ""materials"": [""Suiting Fabric""], ""pattern"": ""Solid"", ""silhouette"": [""Slim Leg""], ""construction"": [""Waist Seam""], ""decoration"": [], ""colors"": [""Black""], ""confidence"": 0.75}, {""category"": ""Belt"", ""materials"": [""Leather/Faux Leather""], ""pattern"": ""Solid"", ""silhouette"": [], ""construction"": [], ""decoration"": [""Metal Hardware""], ""colors"": [""Gold Fusion""], ""confidence"": 0.8}, {""category"": ""Shoes/Boots"", ""materials"": [""Leather/Faux Leather""], ""pattern"": ""Solid"", ""silhouette"": [], ""construction"": [], ""decoration"": [], ""colors"": [""Black""], ""confidence"": 0.75}, {""category"": ""Jewelry/Accessory"", ""materials"": [""not_visible""], ""pattern"": ""Solid"", ""silhouette"": [], ""construction"": [], ""decoration"": [], ""colors"": [""Bright White""], ""confidence"": 0.5}]",0.50
Chanel,Pre-Fall 2026,10,"https://assets.vogue.com/photos/6930199d298a3ae9c1f1e991/master/w_1024,c_limit/00010-chanel-pre-fall-2026-credit-gorunway.jpg","Quiet Luxury,New Classic,Romantic","[{""category"": ""Dress"", ""materials"": [""Velvet""], ""pattern"": ""Embroidery Print"", ""silhouette"": [""Column"", ""Elongated""], ""construction"": [""High Neck""], ""decoration"": [""Embroidery""], ""colors"": [""Black"", ""Rosewood"", ""Coral""], ""confidence"": 0.85}, {""category"": ""Shoes/Boots"", ""materials"": [""not_visible""], ""pattern"": ""Solid"", ""silhouette"": [], ""construction"": [], ""decoration"": [], ""colors"": [""Black""], ""confidence"": 0.3}, {""category"": ""Bag"", ""materials"": [""Leather/Faux Leather""], ""pattern"": ""Solid"", ""silhouette"": [], ""construction"": [], ""decoration"": [""Metal Hardware""], ""colors"": [""Black""], ""confidence"": 0.8}, {""category"": ""Jewelry/Accessory"", ""materials"": [""not_visible""], ""pattern"": ""Solid"", ""silhouette"": [], ""construction"": [], ""decoration"": [], ""colors"": [""Gold Fusion""], ""confidence"": 0.7}]",0.30
Christian Dior,Resort 2027,48,"https://assets.vogue.com/photos/6a056bbdfd1046792714df69/master/w_1024,c_limit/00048-christian-dior-resort-2027-credit-gorunway.jpg","New Classic,Soft Tailoring,Quiet Luxury","[{""category"": ""Shirt"", ""materials"": [""Cotton""], ""pattern"": ""Solid"", ""silhouette"": [""Fitted/Waisted""], ""construction"": [""Shirt Collar""], ""decoration"": [""Statement Buttons""], ""colors"": [""Rose Quartz""], ""confidence"": 0.95}, {""category"": ""Vest"", ""materials"": [""Suiting Fabric""], ""pattern"": ""Solid"", ""silhouette"": [""Fitted/Waisted"", ""Shoulder Emphasis""], ""construction"": [""Wide Shoulders""], ""decoration"": [], ""colors"": [""Black""], ""confidence"": 0.9}, {""category"": ""Jacket/Blazer"", ""materials"": [""Suiting Fabric""], ""pattern"": ""Solid"", ""silhouette"": [""Semi-Fitted""], ""construction"": [""Dropped Shoulder""], ""decoration"": [], ""colors"": [""Tan Melange""], ""confidence"": 0.85}, {""category"": ""Pants/Trousers"", ""materials"": [""Suiting Fabric""], ""pattern"": ""Solid"", ""silhouette"": [""Straight"", ""High Rise""], ""construction"": [""Pleats""], ""decoration"": [""Metal Hardware""], ""colors"": [""Black""], ""confidence"": 0.88}, {""category"": ""Shoes/Boots"", ""materials"": [""Leather/Faux Leather""], ""pattern"": ""not_visible"", ""silhouette"": [], ""construction"": [], ""decoration"": [], ""colors"": [""Black""], ""confidence"": 0.7}, {""category"": ""Bag"", ""materials"": [""Fur/Faux Fur""], ""pattern"": ""not_visible"", ""silhouette"": [], ""construction"": [], ""decoration"": [], ""colors"": [""Baby Blue""], ""confidence"": 0.75}, {""category"": ""Jewelry/Accessory"", ""materials"": [""not_visible""], ""pattern"": ""not_visible"", ""silhouette"": [], ""construction"": [], ""decoration"": [""Metal Hardware""], ""colors"": [""Silver""], ""confidence"": 0.8}]",0.70
Coach,Fall 2025 Ready-to-Wear,32,"https://assets.vogue.com/photos/67aa7e1fc60999c8401dc81c/master/w_1024,c_limit/00032-coach-fall-2025-ready-to-wear-credit-gorunway.jpg","Moto,Streetwear,Utilitarian","[{""category"": ""Jacket/Blazer"", ""materials"": [""Leather/Faux Leather""], ""pattern"": ""Solid"", ""silhouette"": [""Cropped"", ""Semi-Fitted""], ""construction"": [""Patch Pockets"", ""Wide Shoulders"", ""Extended Cuffs""], ""decoration"": [""Contrast Stitching"", ""Metal Hardware""], ""colors"": [""Cognac""], ""confidence"": 0.9}, {""category"": ""Top/Blouse"", ""materials"": [""Cotton""], ""pattern"": ""Solid"", ""silhouette"": [""Fitted/Waisted"", ""Cropped""], ""construction"": [], ""decoration"": [""Logos""], ""colors"": [""Black""], ""confidence"": 0.75}, {""category"": ""Scarf"", ""materials"": [""not_visible""], ""pattern"": ""Solid"", ""silhouette"": [], ""construction"": [], ""decoration"": [], ""colors"": [""Chocolate Brown""], ""confidence"": 0.6}, {""category"": ""Pants/Trousers"", ""materials"": [""Cotton""], ""pattern"": ""Solid"", ""silhouette"": [""Wide Leg/Flare"", ""High Rise""], ""construction"": [""Patch Pockets""], ""decoration"": [], ""colors"": [""Sandstorm""], ""confidence"": 0.8}, {""category"": ""Belt"", ""materials"": [""Leather/Faux Leather""], ""pattern"": ""Solid"", ""silhouette"": [], ""construction"": [], ""decoration"": [""Metal Hardware""], ""colors"": [""Cognac""], ""confidence"": 0.85}, {""category"": ""Sunglasses"", ""materials"": [""not_visible""], ""pattern"": ""Solid"", ""silhouette"": [], ""construction"": [], ""decoration"": [], ""colors"": [""Fiesta""], ""confidence"": 0.7}, {""category"": ""Shoes/Boots"", ""materials"": [""Leather/Faux Leather""], ""pattern"": ""Solid"", ""silhouette"": [], ""construction"": [], ""decoration"": [], ""colors"": [""Bright White""], ""confidence"": 0.65}]",0.60
Comme des Garçons,Spring 2026 Ready-to-Wear,4,"https://assets.vogue.com/photos/68e1678edf95c6a1e4962a06/master/w_1024,c_limit/00004-comme-des-garcons-spring-2026-ready-to-wear-credit-gorunway.jpg","Loud Luxury,Eclectic,New Femininity","[{""category"": ""Hat"", ""materials"": [""not_visible""], ""pattern"": ""Solid"", ""silhouette"": [], ""construction"": [], ""decoration"": [], ""colors"": [""Warm Sand""], ""confidence"": 0.9}, {""category"": ""Jacket/Blazer"", ""materials"": [""Suiting Fabric""], ""pattern"": ""Solid"", ""silhouette"": [""Shoulder Emphasis"", ""Volume Top + Slim Bottom""], ""construction"": [""Wide Shoulders"", ""Off-Shoulder"", ""Asymmetry""], ""decoration"": [""Ruffles"", ""Piping""], ""colors"": [""Warm Sand"", ""Fiesta""], ""confidence"": 0.85}, {""category"": ""Top/Blouse"", ""materials"": [""Linen""], ""pattern"": ""Solid"", ""silhouette"": [""Straight""], ""construction"": [], ""decoration"": [], ""colors"": [""Toasted Coconut""], ""confidence"": 0.75}, {""category"": ""Skirt"", ""materials"": [""Linen""], ""pattern"": ""Solid"", ""silhouette"": [""A-line""], ""construction"": [""Asymmetry""], ""decoration"": [], ""colors"": [""Warm Sand""], ""confidence"": 0.8}, {""category"": ""Shoes/Boots"", ""materials"": [""Leather/Faux Leather""], ""pattern"": ""Solid"", ""silhouette"": [], ""construction"": [], ""decoration"": [], ""colors"": [""Bright White""], ""confidence"": 0.7}, {""category"": ""Jewelry/Accessory"", ""materials"": [""Fur/Faux Fur""], ""pattern"": ""Solid"", ""silhouette"": [], ""construction"": [], ""decoration"": [], ""colors"": [""Powder Pink""], ""confidence"": 0.6}]",0.60
Dolce & Gabbana,Spring 2026 Ready-to-Wear,42,"https://assets.vogue.com/photos/68d81b8acf8e39ca6504fd59/master/w_1024,c_limit/00042-dolce-and-gabbana-spring-2026-ready-to-wear-credit-gorunway.JPG","Quiet Luxury,New Classic,Soft Tailoring","[{""category"": ""Jacket/Blazer"", ""materials"": [""Suiting Fabric""], ""pattern"": ""Solid"", ""silhouette"": [""Oversized"", ""Waist Emphasis""], ""construction"": [""Wrap Closure"", ""Wide Shoulders"", ""Extended Cuffs"", ""Waist Seam""], ""decoration"": [""Statement Buttons"", ""Metal Hardware""], ""colors"": [""Bright White""], ""confidence"": 0.85}, {""category"": ""Top/Blouse"", ""materials"": [""Lace""], ""pattern"": ""not_visible"", ""silhouette"": [], ""construction"": [""High Neck""], ""decoration"": [], ""colors"": [""Toasted Coconut""], ""confidence"": 0.8}, {""category"": ""Pants/Trousers"", ""materials"": [""Suiting Fabric""], ""pattern"": ""Stripes"", ""silhouette"": [""Wide Leg/Flare""], ""construction"": [], ""decoration"": [], ""colors"": [""Placid Blue""], ""confidence"": 0.85}, {""category"": ""Belt"", ""materials"": [""Leather/Faux Leather""], ""pattern"": ""Solid"", ""silhouette"": [], ""construction"": [], ""decoration"": [""Metal Hardware""], ""colors"": [""Bright White""], ""confidence"": 0.85}, {""category"": ""Shoes/Boots"", ""materials"": [""Fur/Faux Fur""], ""pattern"": ""Solid"", ""silhouette"": [], ""construction"": [], ""decoration"": [], ""colors"": [""Black""], ""confidence"": 0.8}, {""category"": ""Jewelry/Accessory"", ""materials"": [""not_visible""], ""pattern"": ""not_visible"", ""silhouette"": [], ""construction"": [], ""decoration"": [""Metal Hardware""], ""colors"": [""Silver""], ""confidence"": 0.7}]",0.70
Erdem,Fall 2026 Ready-to-Wear,2,"https://assets.vogue.com/photos/699b2dbaa5c46ae880c00488/master/w_1024,c_limit/00002-erdem-fall-2026-ready-to-wear-credit-gorunway.jpg","New Femininity,Ladylike,Romantic","[{""category"": ""Dress"", ""materials"": [""Lace"", ""Organza""], ""pattern"": ""Patchwork"", ""silhouette"": [""Fitted/Waisted"", ""A-line""], ""construction"": [""V-Neck"", ""Layered Details"", ""Asymmetry""], ""decoration"": [""Embroidery""], ""colors"": [""Black"", ""Pearled Ivory"", ""Charcoal Gray""], ""confidence"": 0.85}, {""category"": ""Jewelry/Accessory"", ""materials"": [""not_visible""], ""pattern"": ""not_visible"", ""silhouette"": [], ""construction"": [], ""decoration"": [""Rhinestones""], ""colors"": [""Silver""], ""confidence"": 0.75}, {""category"": ""Shoes/Boots"", ""materials"": [""Fur/Faux Fur""], ""pattern"": ""Solid"", ""silhouette"": [], ""construction"": [], ""decoration"": [], ""colors"": [""Black""], ""confidence"": 0.8}]",0.75
Etro,Spring 2025 Ready-to-Wear,28,"https://assets.vogue.com/photos/66eb3b7839c149468399a8dd/master/w_1024,c_limit/00028-etro-spring-2025-ready-to-wear-credit-gorunway.jpg","Romantic,Loud Luxury,Eclectic","[{""category"": ""Dress"", ""materials"": [""Suiting Fabric""], ""pattern"": ""Floral"", ""silhouette"": [""Fitted/Waisted"", ""Cropped""], ""construction"": [""V-Neck"", ""Statement Closure""], ""decoration"": [""Embroidery""], ""colors"": [""Rosewood"", ""Fiesta"", ""Coral""], ""confidence"": 0.85}, {""category"": ""Shoes/Boots"", ""materials"": [""Leather/Faux Leather""], ""pattern"": ""Solid"", ""silhouette"": [], ""construction"": [], ""decoration"": [], ""colors"": [""Rosewood""], ""confidence"": 0.7}, {""category"": ""Bag"", ""materials"": [""Suede""], ""pattern"": ""Solid"", ""silhouette"": [], ""construction"": [], ""decoration"": [""Metal Hardware""], ""colors"": [""Chocolate Brown""], ""confidence"": 0.65}, {""category"": ""Jewelry/Accessory"", ""materials"": [""not_visible""], ""pattern"": ""not_visible"", ""silhouette"": [], ""construction"": [], ""decoration"": [], ""colors"": [""Silver""], ""confidence"": 0.8}]",0.65
Fendi,Fall 2026 Ready-to-Wear,68,"https://assets.vogue.com/photos/699f1a9ec1d40c993eff1ac3/master/w_1024,c_limit/00068-fendi-fall-2026-ready-to-wear-credit-gorunway.jpg","Minimalism,Quiet Luxury,Power Dressing","[{""category"": ""Jacket/Blazer"", ""materials"": [""Velvet""], ""pattern"": ""Solid"", ""silhouette"": [""Oversized"", ""Shoulder Emphasis""], ""construction"": [""Wide Shoulders"", ""Extended Cuffs"", ""Shirt Collar""], ""decoration"": [], ""colors"": [""Black""], ""confidence"": 0.95}, {""category"": ""Top/Blouse"", ""materials"": [""not_visible""], ""pattern"": ""Solid"", ""silhouette"": [""Straight""], ""construction"": [], ""decoration"": [], ""colors"": [""Black""], ""confidence"": 0.85}, {""category"": ""Pants/Trousers"", ""materials"": [""Suiting Fabric""], ""pattern"": ""Solid"", ""silhouette"": [""Cropped"", ""Slim Leg""], ""construction"": [], ""decoration"": [], ""colors"": [""Charcoal Gray""], ""confidence"": 0.8}, {""category"": ""Shoes/Boots"", ""materials"": [""Leather/Faux Leather""], ""pattern"": ""Solid"", ""silhouette"": [], ""construction"": [], ""decoration"": [], ""colors"": [""Black""], ""confidence"": 0.8}, {""category"": ""Jewelry/Accessory"", ""materials"": [""not_visible""], ""pattern"": ""Solid"", ""silhouette"": [], ""construction"": [], ""decoration"": [], ""colors"": [""Gold Fusion""], ""confidence"": 0.75}]",0.75
Giambattista Valli,Spring 2026 Ready-to-Wear,53,"https://assets.vogue.com/photos/68dfea2ad404fcbd9b73c62e/master/w_1024,c_limit/00053-giambattista-valli-spring-2026-ready-to-wear-credit-gorunway.jpg","Quiet Luxury,Minimalism,Streetwear","[{""category"": ""Knitwear/Cardigan"", ""materials"": [""Fine Knit""], ""pattern"": ""Solid"", ""silhouette"": [""Semi-Fitted"", ""Relaxed""], ""construction"": [], ""decoration"": [], ""colors"": [""Black""], ""confidence"": 0.85}, {""category"": ""Pants/Trousers"", ""materials"": [""Cotton""], ""pattern"": ""Solid"", ""silhouette"": [""Relaxed""], ""construction"": [""Drawstrings""], ""decoration"": [], ""colors"": [""Black""], ""confidence"": 0.8}, {""category"": ""Shoes/Boots"", ""materials"": [""Leather/Faux Leather""], ""pattern"": ""Solid"", ""silhouette"": [], ""construction"": [], ""decoration"": [], ""colors"": [""Black""], ""confidence"": 0.9}, {""category"": ""Jewelry/Accessory"", ""materials"": [""not_visible""], ""pattern"": ""not_visible"", ""silhouette"": [], ""construction"": [], ""decoration"": [""Metal Hardware""], ""colors"": [""Silver""], ""confidence"": 0.9}, {""category"": ""Sunglasses"", ""materials"": [""not_visible""], ""pattern"": ""Solid"", ""silhouette"": [], ""construction"": [], ""decoration"": [], ""colors"": [""Black""], ""confidence"": 0.85}]",0.80
Givenchy,Spring 2026 Ready-to-Wear,3,"https://assets.vogue.com/photos/68e03b6f38ec2a3065452aee/master/w_1024,c_limit/00003-givenchy-spring-2026-ready-to-wear-credit-brand.jpg","New Femininity,Quiet Luxury,Power Dressing","[{""category"": ""Jacket/Blazer"", ""materials"": [""Suiting Fabric""], ""pattern"": ""Solid"", ""silhouette"": [""Fitted/Waisted""], ""construction"": [""Off-Shoulder"", ""Wide Shoulders"", ""Extended Cuffs"", ""Wrap Closure""], ""decoration"": [""Contrast Stitching""], ""colors"": [""Black"", ""Bright White""], ""confidence"": 0.95}, {""category"": ""Dress"", ""materials"": [""Suiting Fabric""], ""pattern"": ""Solid"", ""silhouette"": [""Fitted/Waisted"", ""Cropped""], ""construction"": [""Waist Seam""], ""decoration"": [], ""colors"": [""Black""], ""confidence"": 0.9}, {""category"": ""Shoes/Boots"", ""materials"": [""Leather/Faux Leather""], ""pattern"": ""Solid"", ""silhouette"": [], ""construction"": [], ""decoration"": [], ""colors"": [""Black""], ""confidence"": 0.85}, {""category"": ""Jewelry/Accessory"", ""materials"": [""not_visible""], ""pattern"": ""Solid"", ""silhouette"": [], ""construction"": [], ""decoration"": [""Metal Hardware""], ""colors"": [""Silver""], ""confidence"": 0.88}]",0.85
Gucci,Fall 2025 Menswear,2,"https://assets.vogue.com/photos/67bf048252d875843a7342ca/master/w_1024,c_limit/00002-gucci-fall-2025-menswear-credit-brand.jpg","Quiet Luxury,New Classic,Intellectual Fashion","[{""category"": ""Knitwear/Cardigan"", ""materials"": [""Ribbed Knit""], ""pattern"": ""Solid"", ""silhouette"": [""High Rise""], ""construction"": [""High Neck""], ""decoration"": [], ""colors"": [""Butter Cream""], ""confidence"": 0.85}, {""category"": ""Coat"", ""materials"": [""Metallic Fabric""], ""pattern"": ""Abstract"", ""silhouette"": [""Straight"", ""Oversized""], ""construction"": [""Shirt Collar"", ""Extended Cuffs""], ""decoration"": [""Contrast Stitching""], ""colors"": [""Warm Taupe"", ""Silver Gray""], ""confidence"": 0.88}, {""category"": ""Pants/Trousers"", ""materials"": [""Suiting Fabric""], ""pattern"": ""Solid"", ""silhouette"": [""Straight"", ""Slim Leg""], ""construction"": [], ""decoration"": [], ""colors"": [""Charcoal Gray""], ""confidence"": 0.8}, {""category"": ""Shoes/Boots"", ""materials"": [""Leather/Faux Leather""], ""pattern"": ""Solid"", ""silhouette"": [], ""construction"": [], ""decoration"": [], ""colors"": [""Black""], ""confidence"": 0.75}]",0.75
Helmut Lang,Resort 2025,30,"https://assets.vogue.com/photos/6662ab83c05b08206a0c69aa/master/w_1024,c_limit/00030-helmut-lang-resort-2025-credit-brand.gif","Minimalism,Quiet Luxury,New Classic","[{""category"": ""Dress"", ""materials"": [""Satin""], ""pattern"": ""Solid"", ""silhouette"": [""Fitted/Waisted"", ""Column""], ""construction"": [""V-Neck""], ""decoration"": [], ""colors"": [""Bright White""], ""confidence"": 0.92}, {""category"": ""Shoes/Boots"", ""materials"": [""Leather/Faux Leather""], ""pattern"": ""Solid"", ""silhouette"": [], ""construction"": [], ""decoration"": [], ""colors"": [""Black""], ""confidence"": 0.85}]",0.85
Issey Miyake,Spring 2025 Ready-to-Wear,7,"https://assets.vogue.com/photos/66f6c1e7446c09d5c9611c9c/master/w_1024,c_limit/00007-issey-miyake-spring-2025-ready-to-wear-credit-gorunway.jpg","Minimalism,Quiet Luxury,New Classic","[{""category"": ""Top/Blouse"", ""materials"": [""Cotton""], ""pattern"": ""Solid"", ""silhouette"": [""Fitted/Waisted"", ""Shoulder Emphasis""], ""construction"": [""High Neck""], ""decoration"": [], ""colors"": [""Bright White""], ""confidence"": 0.9}, {""category"": ""Skirt"", ""materials"": [""Cotton""], ""pattern"": ""Solid"", ""silhouette"": [""A-line""], ""construction"": [""Waist Seam"", ""Layered Details""], ""decoration"": [], ""colors"": [""Bright White""], ""confidence"": 0.85}, {""category"": ""Shoes/Boots"", ""materials"": [""Leather/Faux Leather""], ""pattern"": ""Solid"", ""silhouette"": [], ""construction"": [], ""decoration"": [], ""colors"": [""Bright White""], ""confidence"": 0.8}]",0.80
Jacquemus,Spring 2026 Ready-to-Wear,23,"https://assets.vogue.com/photos/6862b0085716af41fbe493da/master/w_1024,c_limit/00023-jacquemus-spring-2026-ready-to-wear-credit-gorunway.jpg","Quiet Luxury,New Classic,Soft Tailoring","[{""category"": ""Top/Blouse"", ""materials"": [""Cotton""], ""pattern"": ""Stripes"", ""silhouette"": [""Oversized""], ""construction"": [""V-Neck"", ""Dropped Shoulder""], ""decoration"": [], ""colors"": [""Placid Blue"", ""Pearled Ivory""], ""confidence"": 0.85}, {""category"": ""Skirt"", ""materials"": [""Cotton""], ""pattern"": ""Stripes"", ""silhouette"": [""A-line""], ""construction"": [""Waist Seam""], ""decoration"": [], ""colors"": [""Placid Blue"", ""Pearled Ivory""], ""confidence"": 0.88}, {""category"": ""Shoes/Boots"", ""materials"": [""Leather/Faux Leather""], ""pattern"": ""Solid"", ""silhouette"": [], ""construction"": [], ""decoration"": [], ""colors"": [""Pearled Ivory""], ""confidence"": 0.75}]",0.75
Jil Sander,Spring 2026 Ready-to-Wear,20,"https://assets.vogue.com/photos/68d4354e672d0be51a525ac5/master/w_1024,c_limit/00020-jil-sander-spring-2026-ready-to-wear-credit-gorunway.jpg","Quiet Luxury,Minimalism,New Classic","[{""category"": ""Jacket/Blazer"", ""materials"": [""Leather/Faux Leather""], ""pattern"": ""Solid"", ""silhouette"": [""Oversized"", ""Relaxed""], ""construction"": [""Shirt Collar""], ""decoration"": [""Statement Buttons""], ""colors"": [""Black""], ""confidence"": 0.95}, {""category"": ""Pants/Trousers"", ""materials"": [""Suiting Fabric""], ""pattern"": ""Solid"", ""silhouette"": [""Straight"", ""Elongated""], ""construction"": [], ""decoration"": [], ""colors"": [""Charcoal Gray""], ""confidence"": 0.85}, {""category"": ""Shoes/Boots"", ""materials"": [""Leather/Faux Leather""], ""pattern"": ""Solid"", ""silhouette"": [], ""construction"": [], ""decoration"": [], ""colors"": [""Black""], ""confidence"": 0.85}]",0.85
Lanvin,Spring 2026 Ready-to-Wear,23,"https://assets.vogue.com/photos/68dc371806c2c8d697e18604/master/w_1024,c_limit/00023-lanvin-spring-2026-ready-to-wear-credit-gorunway.jpg","New Classic,Quiet Luxury,Minimalism","[{""category"": ""Coat"", ""materials"": [""Suiting Fabric""], ""pattern"": ""Solid"", ""silhouette"": [""Oversized"", ""Elongated""], ""construction"": [""V-Neck"", ""Dropped Shoulder"", ""Slits""], ""decoration"": [""Statement Buttons"", ""Metal Hardware""], ""colors"": [""Monument""], ""confidence"": 0.88}, {""category"": ""Hat"", ""materials"": [""Chunky Knit""], ""pattern"": ""not_visible"", ""silhouette"": [], ""construction"": [], ""decoration"": [""Sequins""], ""colors"": [""Charcoal Gray""], ""confidence"": 0.85}, {""category"": ""Jewelry/Accessory"", ""materials"": [""not_visible""], ""pattern"": ""not_visible"", ""silhouette"": [], ""construction"": [], ""decoration"": [""Metal Hardware""], ""colors"": [""Black""], ""confidence"": 0.78}, {""category"": ""Shoes/Boots"", ""materials"": [""Leather/Faux Leather""], ""pattern"": ""Solid"", ""silhouette"": [], ""construction"": [], ""decoration"": [], ""colors"": [""Black""], ""confidence"": 0.82}]",0.78
Loewe,Spring 2026 Ready-to-Wear,26,"https://assets.vogue.com/photos/68dfc8efc9f512f67a7f2b56/master/w_1024,c_limit/00026-loewe-spring-2026-ready-to-wear-credit-gorunway.jpg","Minimalism,Body-conscious Basics","[{""category"": ""Knitwear/Cardigan"", ""materials"": [""Ribbed Knit""], ""pattern"": ""Solid"", ""silhouette"": [""Relaxed"", ""Hip Emphasis""], ""construction"": [""Gathers"", ""Drawstrings""], ""decoration"": [], ""colors"": [""Fiesta""], ""confidence"": 0.85}, {""category"": ""Shoes/Boots"", ""materials"": [""Leather/Faux Leather""], ""pattern"": ""Solid"", ""silhouette"": [], ""construction"": [], ""decoration"": [], ""colors"": [""Wax Yellow""], ""confidence"": 0.75}]",0.75
Marc Jacobs,Spring 2026 Ready-to-Wear,28,"https://assets.vogue.com/photos/698b0e4413bd712daf124eb8/master/w_1024,c_limit/00028-marc-jacobs-spring-2026-ready-to-wear-credit-brand.JPG","Minimalism,Quiet Luxury,New Classic","[{""category"": ""Top/Blouse"", ""materials"": [""Cotton""], ""pattern"": ""Solid"", ""silhouette"": [""Semi-Fitted""], ""construction"": [""Boat Neck""], ""decoration"": [], ""colors"": [""Black""], ""confidence"": 0.95}, {""category"": ""Skirt"", ""materials"": [""Satin""], ""pattern"": ""Solid"", ""silhouette"": [""Column""], ""construction"": [], ""decoration"": [], ""colors"": [""Black""], ""confidence"": 0.9}, {""category"": ""Shoes/Boots"", ""materials"": [""Leather/Faux Leather""], ""pattern"": ""Solid"", ""silhouette"": [], ""construction"": [], ""decoration"": [""Metal Hardware""], ""colors"": [""Black""], ""confidence"": 0.85}]",0.85
Marni,Fall 2025 Ready-to-Wear,10,"https://assets.vogue.com/photos/67bf821ad80cc2aa5952cb32/master/w_1024,c_limit/00010-marni-fall-2025-ready-to-wear-credit-brand.jpg","Loud Luxury,Y2K,Eclectic","[{""category"": ""Jacket/Blazer"", ""materials"": [""Satin""], ""pattern"": ""Solid"", ""silhouette"": [""Oversized"", ""Relaxed""], ""construction"": [""V-Neck"", ""Wrap Closure""], ""decoration"": [], ""colors"": [""Fiesta"", ""True Red""], ""confidence"": 0.95}, {""category"": ""Skirt"", ""materials"": [""Satin""], ""pattern"": ""Solid"", ""silhouette"": [""A-line""], ""construction"": [""Asymmetry""], ""decoration"": [], ""colors"": [""Wax Yellow""], ""confidence"": 0.9}, {""category"": ""Pants/Trousers"", ""materials"": [""Suiting Fabric""], ""pattern"": ""Solid"", ""silhouette"": [""Wide Leg/Flare"", ""Cropped""], ""construction"": [], ""decoration"": [], ""colors"": [""Black""], ""confidence"": 0.75}, {""category"": ""Shoes/Boots"", ""materials"": [""Leather/Faux Leather""], ""pattern"": ""Solid"", ""silhouette"": [], ""construction"": [], ""decoration"": [], ""colors"": [""Black""], ""confidence"": 0.85}, {""category"": ""Hat"", ""materials"": [""Fur/Faux Fur""], ""pattern"": ""Solid"", ""silhouette"": [], ""construction"": [], ""decoration"": [], ""colors"": [""Bright White""], ""confidence"": 0.8}, {""category"": ""Jewelry/Accessory"", ""materials"": [""not_visible""], ""pattern"": ""Solid"", ""silhouette"": [], ""construction"": [], ""decoration"": [""Metal Hardware""], ""colors"": [""Silver""], ""confidence"": 0.7}]",0.70
Max Mara,Resort 2025,10,"https://assets.vogue.com/photos/6668c8a64eb113a5ed2b8717/master/w_1024,c_limit/00010-max-mara-resort-2025-credit-gorunway.jpg","Quiet Luxury,New Classic,Minimalism","[{""category"": ""Coat"", ""materials"": [""Suiting Fabric""], ""pattern"": ""Solid"", ""silhouette"": [""Relaxed"", ""Semi-Fitted""], ""construction"": [""V-Neck"", ""Draping"", ""Wrap Closure""], ""decoration"": [], ""colors"": [""Pearled Ivory""], ""confidence"": 0.85}, {""category"": ""Knitwear/Cardigan"", ""materials"": [""Fine Knit""], ""pattern"": ""Solid"", ""silhouette"": [""Semi-Fitted""], ""construction"": [""High Neck""], ""decoration"": [], ""colors"": [""Bright White""], ""confidence"": 0.8}, {""category"": ""Belt"", ""materials"": [""Other""], ""pattern"": ""Solid"", ""silhouette"": [], ""construction"": [], ""decoration"": [""Ties"", ""Fringe""], ""colors"": [""Black""], ""confidence"": 0.9}, {""category"": ""Jewelry/Accessory"", ""materials"": [""not_visible""], ""pattern"": ""Solid"", ""silhouette"": [], ""construction"": [], ""decoration"": [""Metal Hardware""], ""colors"": [""Black""], ""confidence"": 0.75}, {""category"": ""Shoes/Boots"", ""materials"": [""Leather/Faux Leather""], ""pattern"": ""Solid"", ""silhouette"": [], ""construction"": [], ""decoration"": [], ""colors"": [""Black""], ""confidence"": 0.8}]",0.75
Missoni,Resort 2027,16,"https://assets.vogue.com/photos/6a35979bcc68b1e41520c217/master/w_1024,c_limit/00016-missoni-resort-2027-credit-brand.jpg","Quiet Luxury,Minimalism,Intellectual Fashion","[{""category"": ""Knitwear/Cardigan"", ""materials"": [""Textured Knit""], ""pattern"": ""Abstract"", ""silhouette"": [""Semi-Fitted"", ""Relaxed""], ""construction"": [""High Neck""], ""decoration"": [], ""colors"": [""Midnight Blue"", ""Silver Gray""], ""confidence"": 0.85}, {""category"": ""Pants/Trousers"", ""materials"": [""Suiting Fabric""], ""pattern"": ""Solid"", ""silhouette"": [""Relaxed"", ""Wide Leg/Flare""], ""construction"": [""Patch Pockets""], ""decoration"": [], ""colors"": [""Black""], ""confidence"": 0.8}, {""category"": ""Sunglasses"", ""materials"": [""not_visible""], ""pattern"": ""Solid"", ""silhouette"": [], ""construction"": [], ""decoration"": [], ""colors"": [""Black""], ""confidence"": 0.95}]",0.80
Miu Miu,Spring 2026 Ready-to-Wear,22,"https://assets.vogue.com/photos/68e3dcaff40101ee495577d8/master/w_1024,c_limit/00022-miu-miu-spring-2026-ready-to-wear-credit-gorunway.jpg","Eclectic,New Femininity,Intellectual Fashion","[{""category"": ""Scarf"", ""materials"": [""Other""], ""pattern"": ""Geometric"", ""silhouette"": [], ""construction"": [], ""decoration"": [""Embroidery""], ""colors"": [""Wax Yellow"", ""Navy Peony"", ""Greenery""], ""confidence"": 0.85}, {""category"": ""Dress"", ""materials"": [""Lace""], ""pattern"": ""Floral"", ""silhouette"": [""Straight""], ""construction"": [""Waist Seam""], ""decoration"": [""Statement Buttons""], ""colors"": [""Navy Peony"", ""Caramel"", ""Greenery""], ""confidence"": 0.9}, {""category"": ""Bag"", ""materials"": [""Leather/Faux Leather""], ""pattern"": ""Solid"", ""silhouette"": [], ""construction"": [], ""decoration"": [""Metal Hardware""], ""colors"": [""Caramel""], ""confidence"": 0.75}, {""category"": ""Shoes/Boots"", ""materials"": [""Leather/Faux Leather""], ""pattern"": ""Embroidery Print"", ""silhouette"": [], ""construction"": [], ""decoration"": [""Metal Hardware""], ""colors"": [""Chocolate Brown""], ""confidence"": 0.7}]",0.70
Moschino,Spring 2025 Menswear,52,"https://assets.vogue.com/photos/668d3800392073f8f27673c2/master/w_1024,c_limit/00052-moschino-spring-2025-menswear-credit-gorunway.jpg","Quiet Luxury,New Classic,Resort","[{""category"": ""Knitwear/Cardigan"", ""materials"": [""Ribbed Knit""], ""pattern"": ""Solid"", ""silhouette"": [""Relaxed"", ""Oversized""], ""construction"": [""Extended Cuffs"", ""Statement Closure""], ""decoration"": [""Statement Buttons""], ""colors"": [""Butter Cream""], ""confidence"": 0.85}, {""category"": ""Top/Blouse"", ""materials"": [""Suiting Fabric""], ""pattern"": ""Solid"", ""silhouette"": [""Relaxed"", ""Straight""], ""construction"": [""Waist Seam""], ""decoration"": [], ""colors"": [""Warm Taupe""], ""confidence"": 0.8}, {""category"": ""Pants/Trousers"", ""materials"": [""Cotton""], ""pattern"": ""Solid"", ""silhouette"": [""Relaxed"", ""Wide Leg/Flare""], ""construction"": [""Pleats""], ""decoration"": [], ""colors"": [""Bright White""], ""confidence"": 0.75}, {""category"": ""Jewelry/Accessory"", ""materials"": [""not_visible""], ""pattern"": ""Floral"", ""silhouette"": [], ""construction"": [], ""decoration"": [], ""colors"": [""Pastel Yellow"", ""Pastel Lilac"", ""Quiet Green""], ""confidence"": 0.6}, {""category"": ""Shoes/Boots"", ""materials"": [""Leather/Faux Leather""], ""pattern"": ""Solid"", ""silhouette"": [], ""construction"": [], ""decoration"": [], ""colors"": [""Violet Tulip""], ""confidence"": 0.7}]",0.60
Prada,Fall 2025 Menswear,46,"https://assets.vogue.com/photos/678d1d6d034acce5b88be235/master/w_1024,c_limit/00046-prada-fall-2025-menswear-credit-gorunway.jpg","Quiet Luxury,New Classic,Intellectual Fashion","[{""category"": ""Shirt"", ""materials"": [""Cotton""], ""pattern"": ""Solid"", ""silhouette"": [""Relaxed""], ""construction"": [""Shirt Collar""], ""decoration"": [], ""colors"": [""Pearled Ivory""], ""confidence"": 0.85}, {""category"": ""Top/Blouse"", ""materials"": [""Fine Knit""], ""pattern"": ""Abstract"", ""silhouette"": [""Fitted/Waisted""], ""construction"": [], ""decoration"": [], ""colors"": [""Caramel"", ""Fiesta"", ""Navy Peony""], ""confidence"": 0.8}, {""category"": ""Pants/Trousers"", ""materials"": [""Suiting Fabric""], ""pattern"": ""Solid"", ""silhouette"": [""Straight"", ""High Rise""], ""construction"": [], ""decoration"": [], ""colors"": [""Black""], ""confidence"": 0.9}, {""category"": ""Shoes/Boots"", ""materials"": [""Leather/Faux Leather""], ""pattern"": ""Solid"", ""silhouette"": [], ""construction"": [], ""decoration"": [], ""colors"": [""Black"", ""Chocolate Brown""], ""confidence"": 0.85}, {""category"": ""Bag"", ""materials"": [""Leather/Faux Leather""], ""pattern"": ""Solid"", ""silhouette"": [], ""construction"": [], ""decoration"": [""Metal Hardware""], ""colors"": [""Chocolate Brown""], ""confidence"": 0.8}, {""category"": ""Jewelry/Accessory"", ""materials"": [""not_visible""], ""pattern"": ""not_visible"", ""silhouette"": [], ""construction"": [], ""decoration"": [], ""colors"": [""Black"", ""Cognac""], ""confidence"": 0.5}]",0.50
Proenza Schouler,Spring 2026 Ready-to-Wear,22,"https://assets.vogue.com/photos/68c1c22020e604b6393d0066/master/w_1024,c_limit/00022-proenza-schouler-spring-2026-ready-to-wear-credit-brand.jpg","New Classic,Office Aesthetic,Quiet Luxury","[{""category"": ""Jacket/Blazer"", ""materials"": [""Suiting Fabric""], ""pattern"": ""Solid"", ""silhouette"": [""Fitted/Waisted"", ""Shoulder Emphasis""], ""construction"": [""Shirt Collar"", ""Extended Cuffs""], ""decoration"": [], ""colors"": [""Mushroom""], ""confidence"": 0.85}, {""category"": ""Knitwear/Cardigan"", ""materials"": [""Ribbed Knit""], ""pattern"": ""Solid"", ""silhouette"": [""Fitted/Waisted""], ""construction"": [""High Neck""], ""decoration"": [], ""colors"": [""True Red""], ""confidence"": 0.9}, {""category"": ""Skirt"", ""materials"": [""Artisanal Texture Fabric""], ""pattern"": ""Animal Print"", ""silhouette"": [""A-line""], ""construction"": [""Asymmetry"", ""Draping""], ""decoration"": [], ""colors"": [""Pearled Ivory"", ""Black""], ""confidence"": 0.75}, {""category"": ""Shoes/Boots"", ""materials"": [""Leather/Faux Leather""], ""pattern"": ""Solid"", ""silhouette"": [], ""construction"": [], ""decoration"": [], ""colors"": [""Wax Yellow""], ""confidence"": 0.8}, {""category"": ""Bag"", ""materials"": [""Leather/Faux Leather""], ""pattern"": ""Solid"", ""silhouette"": [], ""construction"": [""Drawstrings""], ""decoration"": [], ""colors"": [""Black""], ""confidence"": 0.8}]",0.75
Ralph Lauren,Fall 2026 Ready-to-Wear,59,"https://assets.vogue.com/photos/698c637e87cfc9ce36b15f21/master/w_1024,c_limit/00059-ralph-lauren-fall-2026-ready-to-wear-credit-brand.jpg","Quiet Luxury,Romantic,New Femininity","[{""category"": ""Gown/Evening"", ""materials"": [""Velvet""], ""pattern"": ""Solid"", ""silhouette"": [""Fitted/Waisted"", ""Column""], ""construction"": [""V-Neck"", ""Puff Sleeves"", ""Draping"", ""Asymmetry""], ""decoration"": [], ""colors"": [""Chocolate Brown""], ""confidence"": 0.85}, {""category"": ""Shoes/Boots"", ""materials"": [""Leather/Faux Leather""], ""pattern"": ""Solid"", ""silhouette"": [], ""construction"": [], ""decoration"": [""Metal Hardware""], ""colors"": [""Black""], ""confidence"": 0.75}, {""category"": ""Jewelry/Accessory"", ""materials"": [""not_visible""], ""pattern"": ""Solid"", ""silhouette"": [], ""construction"": [], ""decoration"": [], ""colors"": [""Silver""], ""confidence"": 0.8}]",0.75
Rick Owens,Spring 2026 Menswear,31,"https://assets.vogue.com/photos/685dbe43450be9e1937566ee/master/w_1024,c_limit/00031-rick-owens-spring-2026-menswear-credit-owenscorp.jpg","Moto,Streetwear,Body-conscious Basics","[{""category"": ""Vest"", ""materials"": [""Chunky Knit""], ""pattern"": ""Solid"", ""silhouette"": [""Oversized""], ""construction"": [""High Neck""], ""decoration"": [""Fringe""], ""colors"": [""Black""], ""confidence"": 0.75}, {""category"": ""Knitwear/Cardigan"", ""materials"": [""Chunky Knit""], ""pattern"": ""Solid"", ""silhouette"": [""Oversized""], ""construction"": [""Dropped Shoulder""], ""decoration"": [""Fringe""], ""colors"": [""Black""], ""confidence"": 0.85}, {""category"": ""Shorts"", ""materials"": [""Cotton""], ""pattern"": ""Solid"", ""silhouette"": [""Relaxed""], ""construction"": [""Drawstrings""], ""decoration"": [], ""colors"": [""Black""], ""confidence"": 0.8}, {""category"": ""Shoes/Boots"", ""materials"": [""Leather/Faux Leather""], ""pattern"": ""Solid"", ""silhouette"": [], ""construction"": [], ""decoration"": [""Metal Hardware""], ""colors"": [""Black"", ""Bright White""], ""confidence"": 0.75}]",0.75
Roksanda,Spring 2026 Ready-to-Wear,23,"https://assets.vogue.com/photos/68cf10a81efe9b5a949bdb59/master/w_1024,c_limit/00023-roksanda-spring-2026-ready-to-wear-credit-gorunway.jpg","Minimalism,Quiet Luxury,Power Dressing","[{""category"": ""Cape/Poncho"", ""materials"": [""Nylon""], ""pattern"": ""Solid"", ""silhouette"": [""Oversized"", ""Cocoon""], ""construction"": [""Draping""], ""decoration"": [], ""colors"": [""Navy Peony""], ""confidence"": 0.85}, {""category"": ""Top/Blouse"", ""materials"": [""not_visible""], ""pattern"": ""Solid"", ""silhouette"": [""Semi-Fitted""], ""construction"": [], ""decoration"": [], ""colors"": [""Navy Peony""], ""confidence"": 0.4}, {""category"": ""Pants/Trousers"", ""materials"": [""Suiting Fabric""], ""pattern"": ""Solid"", ""silhouette"": [""Relaxed"", ""High Rise""], ""construction"": [], ""decoration"": [], ""colors"": [""Black""], ""confidence"": 0.75}, {""category"": ""Shoes/Boots"", ""materials"": [""Leather/Faux Leather""], ""pattern"": ""Solid"", ""silhouette"": [], ""construction"": [], ""decoration"": [], ""colors"": [""Black""], ""confidence"": 0.7}]",0.40
Saint Laurent,Spring 2026 Ready-to-Wear,34,"https://assets.vogue.com/photos/68db8d97ff1945fff1af40d5/master/w_1024,c_limit/00034-saint-laurent-spring-2026-ready-to-wear-credit-gorunway.jpg","Loud Luxury,Moto,Power Dressing","[{""category"": ""Jacket/Blazer"", ""materials"": [""Leather/Faux Leather""], ""pattern"": ""Solid"", ""silhouette"": [""Oversized"", ""Shoulder Emphasis""], ""construction"": [""Wide Shoulders"", ""Puff Sleeves"", ""High Neck""], ""decoration"": [""Metal Hardware""], ""colors"": [""Black""], ""confidence"": 0.85}, {""category"": ""Pants/Trousers"", ""materials"": [""Leather/Faux Leather""], ""pattern"": ""Solid"", ""silhouette"": [""Cropped"", ""Fitted/Waisted""], ""construction"": [], ""decoration"": [], ""colors"": [""Black""], ""confidence"": 0.8}, {""category"": ""Shirt"", ""materials"": [""Leather/Faux Leather""], ""pattern"": ""Solid"", ""silhouette"": [], ""construction"": [""High Neck""], ""decoration"": [""Metal Hardware""], ""colors"": [""Black""], ""confidence"": 0.75}, {""category"": ""Shoes/Boots"", ""materials"": [""Leather/Faux Leather""], ""pattern"": ""Solid"", ""silhouette"": [], ""construction"": [], ""decoration"": [], ""colors"": [""Black""], ""confidence"": 0.9}, {""category"": ""Sunglasses"", ""materials"": [""not_visible""], ""pattern"": ""Solid"", ""silhouette"": [], ""construction"": [], ""decoration"": [], ""colors"": [""Black""], ""confidence"": 0.95}, {""category"": ""Jewelry/Accessory"", ""materials"": [""not_visible""], ""pattern"": ""Solid"", ""silhouette"": [], ""construction"": [], ""decoration"": [""Metal Hardware""], ""colors"": [""Silver""], ""confidence"": 0.85}]",0.75
Simone Rocha,Spring 2025 Ready-to-Wear,12,"https://assets.vogue.com/photos/66e716afe0101ebc6c30f011/master/w_1024,c_limit/00012-simone-rocha-spring-2025-ready-to-wear-credit-gorunway.jpg","Loud Luxury,Boudoir,New Femininity","[{""category"": ""Knitwear/Cardigan"", ""materials"": [""Textured Knit""], ""pattern"": ""Solid"", ""silhouette"": [""Oversized"", ""Cropped""], ""construction"": [""V-Neck"", ""Dropped Shoulder""], ""decoration"": [""Sequins""], ""colors"": [""Black""], ""confidence"": 0.85}, {""category"": ""Shorts"", ""materials"": [""Metallic Fabric""], ""pattern"": ""Solid"", ""silhouette"": [""High Rise""], ""construction"": [], ""decoration"": [""Sequins""], ""colors"": [""Fiesta""], ""confidence"": 0.9}, {""category"": ""Shoes/Boots"", ""materials"": [""Leather/Faux Leather""], ""pattern"": ""Solid"", ""silhouette"": [], ""construction"": [], ""decoration"": [""Metal Hardware"", ""Grommets""], ""colors"": [""Black""], ""confidence"": 0.8}, {""category"": ""Bag"", ""materials"": [""not_visible""], ""pattern"": ""Solid"", ""silhouette"": [], ""construction"": [], ""decoration"": [""Fringe""], ""colors"": [""Black""], ""confidence"": 0.75}, {""category"": ""Jewelry/Accessory"", ""materials"": [""Metallic Fabric""], ""pattern"": ""Solid"", ""silhouette"": [], ""construction"": [], ""decoration"": [], ""colors"": [""Silver""], ""confidence"": 0.7}]",0.70
Sportmax,Resort 2026,3,"https://assets.vogue.com/photos/6888e257b4a9b6b232464ec3/master/w_1024,c_limit/00005-sportmax-resort-2026-credit-brand.jpg","Streetwear,Body-conscious Basics,Quiet Luxury","[{""category"": ""Top/Blouse"", ""materials"": [""Mesh""], ""pattern"": ""Geometric"", ""silhouette"": [""Relaxed"", ""Oversized""], ""construction"": [""V-Neck""], ""decoration"": [""Textured Inserts""], ""colors"": [""Midnight Blue""], ""confidence"": 0.85}, {""category"": ""Pants/Trousers"", ""materials"": [""Suiting Fabric""], ""pattern"": ""Solid"", ""silhouette"": [""Straight"", ""Slim Leg""], ""construction"": [], ""decoration"": [], ""colors"": [""Black""], ""confidence"": 0.9}, {""category"": ""Sunglasses"", ""materials"": [""not_visible""], ""pattern"": ""Solid"", ""silhouette"": [], ""construction"": [], ""decoration"": [], ""colors"": [""Black""], ""confidence"": 0.95}, {""category"": ""Jewelry/Accessory"", ""materials"": [""not_visible""], ""pattern"": ""Solid"", ""silhouette"": [], ""construction"": [], ""decoration"": [""Metal Hardware""], ""colors"": [""Silver""], ""confidence"": 0.8}, {""category"": ""Jewelry/Accessory"", ""materials"": [""not_visible""], ""pattern"": ""Solid"", ""silhouette"": [], ""construction"": [], ""decoration"": [""Metal Hardware""], ""colors"": [""Silver""], ""confidence"": 0.8}]",0.80
Stella McCartney,Spring 2025 Ready-to-Wear,47,"https://assets.vogue.com/photos/66fa8aa9dbbd906d5235c1b6/master/w_1024,c_limit/00047-stella-mccartney-spring-2025-ready-to-wear-credit-gorunway.jpg","Minimalism,Boudoir,New Femininity","[{""category"": ""Lingerie/Corset"", ""materials"": [""Lace"", ""Mesh""], ""pattern"": ""not_visible"", ""silhouette"": [""Fitted/Waisted""], ""construction"": [""Halter"", ""Cutout Neckline"", ""Asymmetry""], ""decoration"": [""Sheer Inserts""], ""colors"": [""Black""], ""confidence"": 0.85}, {""category"": ""Pants/Trousers"", ""materials"": [""Suiting Fabric""], ""pattern"": ""Stripes"", ""silhouette"": [""Wide Leg/Flare"", ""High Rise""], ""construction"": [""Waist Seam"", ""Pleats""], ""decoration"": [""Contrast Stitching""], ""colors"": [""Black""], ""confidence"": 0.9}, {""category"": ""Belt"", ""materials"": [""Leather/Faux Leather""], ""pattern"": ""Solid"", ""silhouette"": [], ""construction"": [], ""decoration"": [""Metal Hardware""], ""colors"": [""Black""], ""confidence"": 0.85}, {""category"": ""Jewelry/Accessory"", ""materials"": [""not_visible""], ""pattern"": ""Solid"", ""silhouette"": [], ""construction"": [], ""decoration"": [], ""colors"": [""Black""], ""confidence"": 0.7}, {""category"": ""Shoes/Boots"", ""materials"": [""Leather/Faux Leather""], ""pattern"": ""Solid"", ""silhouette"": [], ""construction"": [], ""decoration"": [], ""colors"": [""Black""], ""confidence"": 0.75}]",0.70
Thom Browne,Resort 2026,9,"https://assets.vogue.com/photos/6853c91740546b314eb756ff/master/w_1024,c_limit/00009-thom-browne-resort-2026-credit-brand.jpg","Preppy,New Classic,Quiet Luxury","[{""category"": ""Jacket/Blazer"", ""materials"": [""Suiting Fabric"", ""Tweed""], ""pattern"": ""Checks/Plaid"", ""silhouette"": [""Fitted/Waisted"", ""Cropped""], ""construction"": [""Extended Cuffs""], ""decoration"": [""Contrast Stitching""], ""colors"": [""Charcoal Gray"", ""Coral"", ""Bright White""], ""confidence"": 0.85}, {""category"": ""Top/Blouse"", ""materials"": [""Soft Base Knit""], ""pattern"": ""Stripes"", ""silhouette"": [""Fitted/Waisted""], ""construction"": [""High Neck""], ""decoration"": [""Sport Stripes""], ""colors"": [""Charcoal Gray"", ""Coral"", ""Bright White""], ""confidence"": 0.8}, {""category"": ""Skirt"", ""materials"": [""Suiting Fabric"", ""Tweed""], ""pattern"": ""Checks/Plaid"", ""silhouette"": [""A-line"", ""Elongated""], ""construction"": [""Pleats"", ""Slits""], ""decoration"": [""Contrast Stitching""], ""colors"": [""Charcoal Gray"", ""Coral"", ""Bright White""], ""confidence"": 0.82}, {""category"": ""Shoes/Boots"", ""materials"": [""Leather/Faux Leather""], ""pattern"": ""Solid"", ""silhouette"": [], ""construction"": [], ""decoration"": [], ""colors"": [""Black"", ""Silver Gray""], ""confidence"": 0.85}, {""category"": ""Bag"", ""materials"": [""Suiting Fabric""], ""pattern"": ""Checks/Plaid"", ""silhouette"": [], ""construction"": [], ""decoration"": [], ""colors"": [""Charcoal Gray"", ""Coral""], ""confidence"": 0.88}, {""category"": ""Sunglasses"", ""materials"": [""not_visible""], ""pattern"": ""Solid"", ""silhouette"": [], ""construction"": [], ""decoration"": [], ""colors"": [""Black""], ""confidence"": 0.95}, {""category"": ""Jewelry/Accessory"", ""materials"": [""not_visible""], ""pattern"": ""Solid"", ""silhouette"": [], ""construction"": [], ""decoration"": [""Metal Hardware""], ""colors"": [""Silver Gray""], ""confidence"": 0.7}]",0.70
Tom Ford,Resort 2025,10,"https://assets.vogue.com/photos/668517732f2740c8105b7583/master/w_1024,c_limit/00010-tom-ford-resort-2025-credit-brand.jpg","Quiet Luxury,Minimalism,Body-conscious Basics","[{""category"": ""Dress"", ""materials"": [""Suiting Fabric""], ""pattern"": ""Solid"", ""silhouette"": [""Fitted/Waisted"", ""Column""], ""construction"": [""Off-Shoulder"", ""Asymmetry""], ""decoration"": [], ""colors"": [""Bright White""], ""confidence"": 0.9}, {""category"": ""Jacket/Blazer"", ""materials"": [""Suiting Fabric""], ""pattern"": ""Solid"", ""silhouette"": [""Oversized""], ""construction"": [""Extended Cuffs""], ""decoration"": [], ""colors"": [""Charcoal Gray""], ""confidence"": 0.85}, {""category"": ""Shoes/Boots"", ""materials"": [""Leather/Faux Leather""], ""pattern"": ""Solid"", ""silhouette"": [], ""construction"": [], ""decoration"": [], ""colors"": [""Bright White""], ""confidence"": 0.92}, {""category"": ""Bag"", ""materials"": [""Leather/Faux Leather""], ""pattern"": ""Solid"", ""silhouette"": [], ""construction"": [], ""decoration"": [""Metal Hardware""], ""colors"": [""Bright White""], ""confidence"": 0.88}, {""category"": ""Sunglasses"", ""materials"": [""not_visible""], ""pattern"": ""Solid"", ""silhouette"": [], ""construction"": [], ""decoration"": [], ""colors"": [""Black""], ""confidence"": 0.95}, {""category"": ""Jewelry/Accessory"", ""materials"": [""not_visible""], ""pattern"": ""Solid"", ""silhouette"": [], ""construction"": [], ""decoration"": [""Metal Hardware""], ""colors"": [""Silver""], ""confidence"": 0.85}]",0.85
Tory Burch,Spring 2025 Ready-to-Wear,25,"https://assets.vogue.com/photos/66dff70d060d1fecbb85008b/master/w_1024,c_limit/00025-tory-burch-spring-2025-ready-to-wear-credit-gorunway.jpg","Sport Chic,New Femininity,Quiet Luxury","[{""category"": ""Top/Blouse"", ""materials"": [""Fine Knit""], ""pattern"": ""Solid"", ""silhouette"": [""Semi-Fitted""], ""construction"": [""Stand Collar""], ""decoration"": [], ""colors"": [""Navy Peony"", ""Black"", ""Bright White""], ""confidence"": 0.9}, {""category"": ""Dress"", ""materials"": [""Fine Knit""], ""pattern"": ""Solid"", ""silhouette"": [""Semi-Fitted"", ""Cropped""], ""construction"": [""High Neck"", ""Draping"", ""Gathers""], ""decoration"": [""Contrast Stitching""], ""colors"": [""Navy Peony""], ""confidence"": 0.85}, {""category"": ""Shoes/Boots"", ""materials"": [""Leather/Faux Leather""], ""pattern"": ""Solid"", ""silhouette"": [], ""construction"": [], ""decoration"": [], ""colors"": [""Black""], ""confidence"": 0.8}, {""category"": ""Jewelry/Accessory"", ""materials"": [""not_visible""], ""pattern"": ""Solid"", ""silhouette"": [], ""construction"": [], ""decoration"": [], ""colors"": [""Silver""], ""confidence"": 0.75}]",0.75
Valentino,Fall 2026 Ready-to-Wear,50,"https://assets.vogue.com/photos/69b418498ec521c4f2843022/master/w_1024,c_limit/00050-valentino-fall-2026-ready-to-wear-credit-gorunway.jpg","Old Money,Quiet Luxury,Romantic","[{""category"": ""Jacket/Blazer"", ""materials"": [""Suiting Fabric""], ""pattern"": ""Checks/Plaid"", ""silhouette"": [""Fitted/Waisted"", ""Waist Emphasis""], ""construction"": [""Shirt Collar""], ""decoration"": [""Contrast Stitching""], ""colors"": [""Pearled Ivory"", ""Warm Taupe"", ""Doeskin""], ""confidence"": 0.85}, {""category"": ""Gloves"", ""materials"": [""Fur/Faux Fur""], ""pattern"": ""Solid"", ""silhouette"": [], ""construction"": [], ""decoration"": [], ""colors"": [""Chocolate Brown""], ""confidence"": 0.9}, {""category"": ""Skirt"", ""materials"": [""Sheer Fabric""], ""pattern"": ""Solid"", ""silhouette"": [""Elongated"", ""Column""], ""construction"": [""Asymmetry"", ""Slits""], ""decoration"": [""Lace Trim""], ""colors"": [""Powder Pink""], ""confidence"": 0.8}, {""category"": ""Lingerie/Corset"", ""materials"": [""Satin""], ""pattern"": ""Embroidery Print"", ""silhouette"": [""Elongated""], ""construction"": [], ""decoration"": [], ""colors"": [""Pearled Ivory""], ""confidence"": 0.75}, {""category"": ""Shoes/Boots"", ""materials"": [""Leather/Faux Leather""], ""pattern"": ""Solid"", ""silhouette"": [], ""construction"": [], ""decoration"": [], ""colors"": [""Black""], ""confidence"": 0.9}, {""category"": ""Hat"", ""materials"": [""Fur/Faux Fur""], ""pattern"": ""Solid"", ""silhouette"": [], ""construction"": [], ""decoration"": [], ""colors"": [""Chocolate Brown"", ""Black""], ""confidence"": 0.85}]",0.75
Versace,Fall 2025 Ready-to-Wear,43,"https://assets.vogue.com/photos/67c2c5377776b2b845fc5936/master/w_1024,c_limit/00043-versace-fall-2025-ready-to-wear-credit-gorunway.jpg","Loud Luxury,Power Dressing,New Femininity","[{""category"": ""Jacket/Blazer"", ""materials"": [""Suiting Fabric""], ""pattern"": ""Solid"", ""silhouette"": [""Oversized"", ""Shoulder Emphasis""], ""construction"": [""Dropped Shoulder""], ""decoration"": [""Statement Buttons""], ""colors"": [""Black""], ""confidence"": 0.9}, {""category"": ""Lingerie/Corset"", ""materials"": [""Satin""], ""pattern"": ""Floral"", ""silhouette"": [""Fitted/Waisted""], ""construction"": [], ""decoration"": [""Ruffles""], ""colors"": [""Fiesta""], ""confidence"": 0.85}, {""category"": ""Gloves"", ""materials"": [""Leather/Faux Leather""], ""pattern"": ""Solid"", ""silhouette"": [], ""construction"": [], ""decoration"": [], ""colors"": [""Black""], ""confidence"": 0.8}, {""category"": ""Sunglasses"", ""materials"": [""Metallic Fabric""], ""pattern"": ""Solid"", ""silhouette"": [], ""construction"": [], ""decoration"": [], ""colors"": [""Fiesta""], ""confidence"": 0.85}, {""category"": ""Bag"", ""materials"": [""Leather/Faux Leather""], ""pattern"": ""Solid"", ""silhouette"": [], ""construction"": [], ""decoration"": [""Metal Hardware""], ""colors"": [""Black""], ""confidence"": 0.75}, {""category"": ""Shoes/Boots"", ""materials"": [""Leather/Faux Leather""], ""pattern"": ""Solid"", ""silhouette"": [], ""construction"": [], ""decoration"": [""Metal Hardware""], ""colors"": [""Black""], ""confidence"": 0.8}]",0.75
Vivienne Westwood,Shanghai Spring 2025,37,"https://assets.vogue.com/photos/6713a4496a331b4f083cdbd2/master/w_1024,c_limit/00037-vivienne-westwood-spring-2025-ready-to-wear-shanghai-credit-brand.jpg","Eclectic,New Femininity,Quiet Luxury","[{""category"": ""Jacket/Blazer"", ""materials"": [""Suiting Fabric""], ""pattern"": ""Abstract"", ""silhouette"": [""Semi-Fitted"", ""Shoulder Emphasis""], ""construction"": [""Wrap Closure"", ""Wide Shoulders"", ""Puff Sleeves""], ""decoration"": [""Statement Buttons""], ""colors"": [""Charcoal Gray"", ""Pewter"", ""Bright White""], ""confidence"": 0.85}, {""category"": ""Skirt"", ""materials"": [""Linen""], ""pattern"": ""Solid"", ""silhouette"": [""A-line""], ""construction"": [""Asymmetry"", ""Layered Details""], ""decoration"": [], ""colors"": [""Pearled Ivory""], ""confidence"": 0.75}, {""category"": ""Shoes/Boots"", ""materials"": [""Leather/Faux Leather""], ""pattern"": ""Solid"", ""silhouette"": [], ""construction"": [], ""decoration"": [""Metal Hardware""], ""colors"": [""Bright White"", ""Fuchsia Rose""], ""confidence"": 0.75}, {""category"": ""Bag"", ""materials"": [""Leather/Faux Leather""], ""pattern"": ""Solid"", ""silhouette"": [], ""construction"": [], ""decoration"": [], ""colors"": [""Fuchsia Rose""], ""confidence"": 0.85}]",0.75
Acne Studios,Spring 2027 Menswear,17,"https://assets.vogue.com/photos/6a3ad07e8236cf03d68a7f1f/master/w_1024,c_limit/00017-acne-studios-spring-2027-menswear-credit-brand.jpg","New Classic,Quiet Luxury,Soft Tailoring","[{""category"": ""Top/Blouse"", ""materials"": [""Soft Base Knit""], ""pattern"": ""Stripes"", ""silhouette"": [""Semi-Fitted""], ""construction"": [""Boat Neck""], ""decoration"": [], ""colors"": [""Placid Blue"", ""Bright White""], ""confidence"": 0.85}, {""category"": ""Knitwear/Cardigan"", ""materials"": [""Ribbed Knit""], ""pattern"": ""Solid"", ""silhouette"": [""Relaxed""], ""construction"": [], ""decoration"": [""Contrast Stitching""], ""colors"": [""Charcoal Gray""], ""confidence"": 0.8}, {""category"": ""Pants/Trousers"", ""materials"": [""Suiting Fabric""], ""pattern"": ""Solid"", ""silhouette"": [""Relaxed"", ""High Rise""], ""construction"": [""Pleats"", ""Waist Seam""], ""decoration"": [], ""colors"": [""Charcoal Gray""], ""confidence"": 0.85}, {""category"": ""Belt"", ""materials"": [""not_visible""], ""pattern"": ""Solid"", ""silhouette"": [], ""construction"": [], ""decoration"": [""Metal Hardware""], ""colors"": [""Chocolate Brown""], ""confidence"": 0.8}, {""category"": ""Shoes/Boots"", ""materials"": [""Leather/Faux Leather""], ""pattern"": ""Solid"", ""silhouette"": [], ""construction"": [], ""decoration"": [], ""colors"": [""Navy Peony""], ""confidence"": 0.85}, {""category"": ""Bag"", ""materials"": [""Leather/Faux Leather""], ""pattern"": ""Solid"", ""silhouette"": [], ""construction"": [], ""decoration"": [""Metal Hardware""], ""colors"": [""Black""], ""confidence"": 0.85}]",0.80
Alberta Ferretti,Resort 2026,18,"https://assets.vogue.com/photos/683f12b5e67583166a008b98/master/w_1024,c_limit/00018-alberta-ferretti-resort-2026-brand.jpg","Romantic,Quiet Luxury,New Femininity","[{""category"": ""Dress"", ""materials"": [""Chiffon""], ""pattern"": ""Floral"", ""silhouette"": [""A-line"", ""Fitted/Waisted""], ""construction"": [""Darts""], ""decoration"": [], ""colors"": [""Pearled Ivory"", ""Pastel Yellow"", ""Baby Blue""], ""confidence"": 0.85}, {""category"": ""Bag"", ""materials"": [""Leather/Faux Leather""], ""pattern"": ""Solid"", ""silhouette"": [], ""construction"": [], ""decoration"": [], ""colors"": [""Silver Gray""], ""confidence"": 0.75}]",0.75
Alexander McQueen,Spring 2025 Ready-to-Wear,17,"https://assets.vogue.com/photos/66f870e67db5486392fecc65/master/w_1024,c_limit/00017-alexander-mcqueen-spring-2025-ready-to-wear-credit-gorunway.jpg","Quiet Luxury,New Femininity,Eclectic","[{""category"": ""Knitwear/Cardigan"", ""materials"": [""Fine Knit""], ""pattern"": ""Solid"", ""silhouette"": [""Semi-Fitted""], ""construction"": [""High Neck""], ""decoration"": [""Fringe""], ""colors"": [""Rose Quartz""], ""confidence"": 0.85}, {""category"": ""Pants/Trousers"", ""materials"": [""Suiting Fabric""], ""pattern"": ""Solid"", ""silhouette"": [""Slim Leg""], ""construction"": [], ""decoration"": [], ""colors"": [""Black""], ""confidence"": 0.8}, {""category"": ""Bag"", ""materials"": [""Leather/Faux Leather""], ""pattern"": ""Solid"", ""silhouette"": [], ""construction"": [], ""decoration"": [], ""colors"": [""Black""], ""confidence"": 0.75}, {""category"": ""Sunglasses"", ""materials"": [""not_visible""], ""pattern"": ""Solid"", ""silhouette"": [], ""construction"": [], ""decoration"": [], ""colors"": [""Fuchsia Rose""], ""confidence"": 0.9}, {""category"": ""Jewelry/Accessory"", ""materials"": [""not_visible""], ""pattern"": ""Floral"", ""silhouette"": [], ""construction"": [], ""decoration"": [""Metal Hardware""], ""colors"": [""Fiesta""], ""confidence"": 0.8}]",0.75
Altuzarra,Spring 2026 Ready-to-Wear,26,"https://assets.vogue.com/photos/68c674b7e930337857b835d2/master/w_1024,c_limit/00026-altuzarra-spring-2026-ready-to-wear-credit-brand.jpg","Quiet Luxury,Minimalism,New Classic","[{""category"": ""Knitwear/Cardigan"", ""materials"": [""Chunky Knit""], ""pattern"": ""Solid"", ""silhouette"": [""Relaxed"", ""Oversized""], ""construction"": [""Dropped Shoulder"", ""Extended Cuffs""], ""decoration"": [""Fringe""], ""colors"": [""Warm Taupe"", ""Caramel""], ""confidence"": 0.85}, {""category"": ""Dress"", ""materials"": [""Chunky Knit""], ""pattern"": ""Solid"", ""silhouette"": [""Straight"", ""Elongated""], ""construction"": [""Draping""], ""decoration"": [""Fringe""], ""colors"": [""Pearled Ivory"", ""Butter Cream""], ""confidence"": 0.8}, {""category"": ""Shoes/Boots"", ""materials"": [""Leather/Faux Leather""], ""pattern"": ""Solid"", ""silhouette"": [], ""construction"": [], ""decoration"": [], ""colors"": [""Black""], ""confidence"": 0.75}, {""category"": ""Jewelry/Accessory"", ""materials"": [""not_visible""], ""pattern"": ""not_visible"", ""silhouette"": [], ""construction"": [], ""decoration"": [""Metal Hardware""], ""colors"": [""Gold Fusion""], ""confidence"": 0.7}]",0.70
Area,Fall 2026 Ready-to-Wear,9,"https://assets.vogue.com/photos/698fd070205814c064e3617a/master/w_1024,c_limit/00009-area-fall-2026-ready-to-wear-credit-gorunway.jpg","Eclectic,New Femininity,Romantic","[{""category"": ""Dress"", ""materials"": [""Chiffon""], ""pattern"": ""Polka Dots"", ""silhouette"": [], ""construction"": [""Halter"", ""Asymmetry"", ""Draping""], ""decoration"": [], ""colors"": [""Midnight Blue"", ""Bright White""], ""confidence"": 0.85}, {""category"": ""Scarf"", ""materials"": [""Chiffon""], ""pattern"": ""Polka Dots"", ""silhouette"": [], ""construction"": [""Draping""], ""decoration"": [], ""colors"": [""Midnight Blue"", ""Bright White""], ""confidence"": 0.8}, {""category"": ""Shoes/Boots"", ""materials"": [""Leather/Faux Leather""], ""pattern"": ""Solid"", ""silhouette"": [], ""construction"": [], ""decoration"": [], ""colors"": [""Black""], ""confidence"": 0.85}, {""category"": ""Jewelry/Accessory"", ""materials"": [""not_visible""], ""pattern"": ""Solid"", ""silhouette"": [], ""construction"": [], ""decoration"": [""Metal Hardware""], ""colors"": [""Gold Fusion""], ""confidence"": 0.75}]",0.75
Balenciaga,Pre-Fall 2026,55,"https://assets.vogue.com/photos/6967ac7704f1ff5b7cc22ce9/master/w_1024,c_limit/00055-balenciaga-pre-fall-2026-credit-brand.jpg","New Classic,Quiet Luxury,Preppy","[{""category"": ""Jacket/Blazer"", ""materials"": [""Suiting Fabric""], ""pattern"": ""Solid"", ""silhouette"": [""Semi-Fitted""], ""construction"": [""Dropped Shoulder"", ""Statement Closure""], ""decoration"": [""Statement Buttons""], ""colors"": [""Black""], ""confidence"": 0.95}, {""category"": ""Knitwear/Cardigan"", ""materials"": [""Ribbed Knit""], ""pattern"": ""Stripes"", ""silhouette"": [""Fitted/Waisted""], ""construction"": [""High Neck""], ""decoration"": [""Side Stripes""], ""colors"": [""Black"", ""Bright White""], ""confidence"": 0.9}, {""category"": ""Pants/Trousers"", ""materials"": [""Denim""], ""pattern"": ""Solid"", ""silhouette"": [""Straight"", ""Slim Leg""], ""construction"": [], ""decoration"": [], ""colors"": [""Navy Peony""], ""confidence"": 0.85}, {""category"": ""Shoes/Boots"", ""materials"": [""Leather/Faux Leather""], ""pattern"": ""Solid"", ""silhouette"": [], ""construction"": [], ""decoration"": [""Metal Hardware""], ""colors"": [""Black""], ""confidence"": 0.8}, {""category"": ""Hat"", ""materials"": [""Ribbed Knit""], ""pattern"": ""Solid"", ""silhouette"": [], ""construction"": [], ""decoration"": [], ""colors"": [""Black""], ""confidence"": 0.9}, {""category"": ""Bag"", ""materials"": [""Leather/Faux Leather""], ""pattern"": ""Solid"", ""silhouette"": [], ""construction"": [], ""decoration"": [""Metal Hardware""], ""colors"": [""Black"", ""Aegean""], ""confidence"": 0.75}]",0.75
